"fund_month","state","term","rate","systemsize_bin","programfee_bin","total_funded_loans","total_serv_loans","delinquency_bin","loans_by_delinquency","loans_prv_delinquency","roll_rate_pct"
"201909","AR",20,"3.99","05-08","16-20","1","1","0","1",NULL,"0"
"201909","AZ",7,"7.99","13+","06-10","1","1","0","1",NULL,"0"
"201909","AZ",7,"7.99","13+","06-10","1","1","001-030","1","1","100.00"
"201909","AZ",10,"3.99","05-08","11-15","1","1","0","1",NULL,"0"
"201909","AZ",15,"3.49","09-12","16-20","1","1","0","1",NULL,"0"
"201909","AZ",20,"2.99","05-08","21-25","6","6","0","6",NULL,"0"
"201909","AZ",20,"2.99","09-12","21-25","1","1","0","1",NULL,"0"
"201909","AZ",20,"2.99","13+","21-25","1","1","0","1",NULL,"0"
"201909","AZ",20,"3.99","09-12","16-20","1","1","0","1",NULL,"0"
"201909","AZ",20,"3.99","13+","16-20","2","2","0","2",NULL,"0"
"201909","AZ",20,"5.99","05-08","06-10","1","1","0","1",NULL,"0"
"201909","AZ",20,"5.99","09-12","06-10","1","1","0","1",NULL,"0"
"201909","AZ",20,"5.99","09-12","11-15","1","1","0","1",NULL,"0"
"201909","AZ",25,"2.99","13+","21-25","1","1","0","1",NULL,"0"
"201909","AZ",25,"3.99","09-12","16-20","1","1","0","1",NULL,"0"
"201909","CA",10,"3.99","01-04","11-15","7","7","0","7",NULL,"0"
"201909","CA",10,"3.99","05-08","11-15","6","6","0","6",NULL,"0"
"201909","CA",10,"3.99","09-12","11-15","4","4","0","4",NULL,"0"
"201909","CA",10,"3.99","13+","11-15","1","1","0","1",NULL,"0"
"201909","CA",10,"4.99","09-12","11-15","1","1","0","1",NULL,"0"
"201909","CA",12,"2.99","05-08","16-20","2","2","0","2",NULL,"0"
"201909","CA",12,"2.99","09-12","16-20","1","1","0","1",NULL,"0"
"201909","CA",15,"4.99","09-12","11-15","1","1","0","1",NULL,"0"
"201909","CA",20,"2.99","01-04","21-25","5","5","0","5",NULL,"0"
"201909","CA",20,"2.99","05-08","21-25","12","12","0","12",NULL,"0"
"201909","CA",20,"2.99","05-08","26+","1","1","0","1",NULL,"0"
"201909","CA",20,"3.99","01-04","16-20","10","10","0","10",NULL,"0"
"201909","CA",20,"3.99","05-08","16-20","11","11","0","11",NULL,"0"
"201909","CA",20,"3.99","09-12","16-20","2","2","0","2",NULL,"0"
"201909","CA",20,"4.49","01-04","16-20","1","1","0","1",NULL,"0"
"201909","CA",20,"4.49","05-08","16-20","1","1","0","1",NULL,"0"
"201909","CA",20,"4.99","01-04","11-15","2","2","0","2",NULL,"0"
"201909","CA",20,"4.99","01-04","26+","1","1","0","1",NULL,"0"
"201909","CA",20,"4.99","05-08","11-15","3","3","0","3",NULL,"0"
"201909","CA",20,"4.99","05-08","16-20","1","1","0","1",NULL,"0"
"201909","CA",20,"4.99","09-12","11-15","3","3","0","3",NULL,"0"
"201909","CA",20,"5.99","01-04","06-10","4","4","0","4",NULL,"0"
"201909","CA",20,"5.99","05-08","06-10","6","6","0","6",NULL,"0"
"201909","CA",20,"5.99","09-12","06-10","4","4","0","4",NULL,"0"
"201909","CA",25,"3.99","05-08","16-20","3","3","0","3",NULL,"0"
"201909","CO",10,"3.99","01-04","11-15","3","3","0","3",NULL,"0"
"201909","CO",20,"2.99","05-08","21-25","1","1","0","1",NULL,"0"
"201909","CO",20,"3.99","01-04","16-20","6","6","0","6",NULL,"0"
"201909","CO",20,"3.99","05-08","16-20","9","9","0","9",NULL,"0"
"201909","CO",20,"3.99","09-12","16-20","1","1","0","1",NULL,"0"
"201909","CO",20,"4.99","05-08","11-15","1","1","0","1",NULL,"0"
"201909","CO",20,"4.99","09-12","11-15","1","1","0","1",NULL,"0"
"201909","CO",20,"5.99","01-04","26+","1","1","0","1",NULL,"0"
"201909","CO",20,"5.99","05-08","06-10","1","1","0","1",NULL,"0"
"201909","CO",25,"4.49","05-08","16-20","1","1","0","1",NULL,"0"
"201909","CO",25,"5.99","05-08","06-10","1","1","0","1",NULL,"0"
"201909","CT",10,"2.99","05-08","16-20","1","1","0","1",NULL,"0"
"201909","CT",20,"3.99","05-08","16-20","1","1","0","1",NULL,"0"
"201909","DC",20,"3.99","05-08","16-20","1","1","0","1",NULL,"0"
"201909","FL",10,"2.99","05-08","16-20","1","1","0","1",NULL,"0"
"201909","FL",20,"2.99","05-08","21-25","5","5","0","5",NULL,"0"
"201909","FL",20,"2.99","09-12","21-25","1","1","0","1",NULL,"0"
"201909","FL",20,"2.99","13+","21-25","1","1","0","1",NULL,"0"
"201909","FL",20,"3.99","05-08","16-20","2","2","0","2",NULL,"0"
"201909","FL",20,"3.99","05-08","16-20","2","2","001-030","1","2","50.00"
"201909","FL",20,"3.99","05-08","16-20","2","2","031-060","1","1","100.00"
"201909","FL",20,"3.99","09-12","16-20","6","6","0","6",NULL,"0"
"201909","FL",20,"3.99","13+","16-20","2","2","0","2",NULL,"0"
"201909","FL",20,"4.99","09-12","16-20","1","1","0","1",NULL,"0"
"201909","FL",20,"4.99","13+","11-15","1","1","0","1",NULL,"0"
"201909","FL",20,"5.99","09-12","11-15","1","1","0","1",NULL,"0"
"201909","FL",25,"3.99","09-12","16-20","1","1","0","1",NULL,"0"
"201909","HI",20,"5.99","05-08","06-10","1","1","0","1",NULL,"0"
"201909","ID",10,"3.99","09-12","11-15","1","1","0","1",NULL,"0"
"201909","ID",20,"3.99","05-08","16-20","1","1","0","1",NULL,"0"
"201909","ID",20,"3.99","09-12","16-20","2","2","0","2",NULL,"0"
"201909","ID",25,"3.99","05-08","16-20","1","1","0","1",NULL,"0"
"201909","ID",25,"3.99","09-12","16-20","1","1","0","1",NULL,"0"
"201909","IL",20,"3.99","05-08","16-20","2","2","0","2",NULL,"0"
"201909","IL",20,"4.49","01-04","16-20","1","1","0","1",NULL,"0"
"201909","IN",20,"5.99","01-04","06-10","1","1","0","1",NULL,"0"
"201909","MA",20,"5.99","05-08","06-10","1","1","0","1",NULL,"0"
"201909","MD",20,"3.99","05-08","16-20","2","2","0","2",NULL,"0"
"201909","MD",20,"3.99","05-08","16-20","2","2","001-030","1","2","50.00"
"201909","MO",20,"3.99","09-12","16-20","1","1","0","1",NULL,"0"
"201909","MO",20,"5.99","09-12","06-10","1","1","0","1",NULL,"0"
"201909","NC",20,"3.99","01-04","16-20","1","1","0","1",NULL,"0"
"201909","NC",20,"3.99","05-08","16-20","6","6","0","6",NULL,"0"
"201909","NC",20,"3.99","09-12","16-20","2","2","0","2",NULL,"0"
"201909","NC",20,"3.99","13+","16-20","1","1","0","1",NULL,"0"
"201909","NC",20,"5.99","05-08","06-10","2","2","0","2",NULL,"0"
"201909","NJ",10,"3.99","05-08","11-15","1","1","0","1",NULL,"0"
"201909","NJ",20,"3.99","13+","16-20","1","1","0","1",NULL,"0"
"201909","NJ",20,"4.99","05-08","11-15","1","1","0","1",NULL,"0"
"201909","NM",12,"2.99","01-04","16-20","1","1","0","1",NULL,"0"
"201909","NM",20,"2.99","05-08","21-25","2","2","0","2",NULL,"0"
"201909","NM",20,"2.99","09-12","21-25","1","1","0","1",NULL,"0"
"201909","NM",20,"3.99","13+","16-20","1","1","0","1",NULL,"0"
"201909","NM",20,"4.99","01-04","11-15","1","1","0","1",NULL,"0"
"201909","NM",20,"5.99","01-04","06-10","1","1","0","1",NULL,"0"
"201909","NV",10,"2.99","05-08","16-20","1","1","0","1",NULL,"0"
"201909","NV",15,"3.99","05-08","16-20","1","1","0","1",NULL,"0"
"201909","NV",20,"2.99","05-08","21-25","5","5","0","5",NULL,"0"
"201909","NV",20,"2.99","09-12","21-25","5","5","0","5",NULL,"0"
"201909","NV",20,"2.99","13+","21-25","1","1","0","1",NULL,"0"
"201909","NV",20,"3.99","01-04","16-20","2","2","0","2",NULL,"0"
"201909","NV",20,"3.99","05-08","16-20","13","13","0","13",NULL,"0"
"201909","NV",20,"3.99","09-12","16-20","3","3","0","3",NULL,"0"
"201909","NV",20,"3.99","13+","16-20","4","4","0","4",NULL,"0"
"201909","NV",20,"4.99","05-08","11-15","1","1","0","1",NULL,"0"
"201909","NV",25,"3.99","05-08","16-20","1","1","0","1",NULL,"0"
"201909","NY",20,"4.99","01-04","11-15","1","1","0","1",NULL,"0"
"201909","OH",20,"5.99","13+","06-10","1","1","0","1",NULL,"0"
"201909","OR",20,"3.99","05-08","16-20","1","1","0","1",NULL,"0"
"201909","OR",20,"3.99","09-12","16-20","1","1","0","1",NULL,"0"
"201909","PA",20,"5.99","09-12","06-10","1","1","0","1",NULL,"0"
"201909","RI",15,"4.99","09-12","11-15","1","1","0","1",NULL,"0"
"201909","SC",20,"3.99","05-08","16-20","1","1","0","1",NULL,"0"
"201909","TX",10,"2.99","01-04","16-20","1","1","0","1",NULL,"0"
"201909","TX",10,"2.99","05-08","16-20","1","1","0","1",NULL,"0"
"201909","TX",10,"2.99","09-12","16-20","1","1","0","1",NULL,"0"
"201909","TX",12,"2.99","05-08","16-20","1","1","0","1",NULL,"0"
"201909","TX",12,"2.99","09-12","16-20","1","1","0","1",NULL,"0"
"201909","TX",12,"3.99","01-04","11-15","1","1","0","1",NULL,"0"
"201909","TX",15,"3.49","05-08","16-20","1","1","0","1",NULL,"0"
"201909","TX",15,"3.49","13+","16-20","1","1","0","1",NULL,"0"
"201909","TX",20,"2.99","05-08","21-25","5","5","0","5",NULL,"0"
"201909","TX",20,"2.99","09-12","21-25","1","1","0","1",NULL,"0"
"201909","TX",20,"3.99","01-04","16-20","10","10","0","10",NULL,"0"
"201909","TX",20,"3.99","05-08","16-20","16","16","0","16",NULL,"0"
"201909","TX",20,"3.99","05-08","16-20","16","16","031-060","1","16","6.25"
"201909","TX",20,"3.99","05-08","16-20","16","16","061-090","1","1","100.00"
"201909","TX",20,"3.99","05-08","16-20","16","16","091-120","1","1","100.00"
"201909","TX",20,"3.99","05-08","16-20","16","16","121-150","1","1","100.00"
"201909","TX",20,"3.99","09-12","16-20","9","9","0","9",NULL,"0"
"201909","TX",20,"3.99","13+","16-20","3","3","0","3",NULL,"0"
"201909","TX",20,"4.49","09-12","16-20","2","2","0","2",NULL,"0"
"201909","TX",20,"4.99","05-08","11-15","4","4","0","4",NULL,"0"
"201909","TX",20,"4.99","09-12","11-15","1","1","0","1",NULL,"0"
"201909","TX",20,"4.99","09-12","16-20","1","1","0","1",NULL,"0"
"201909","TX",20,"5.99","01-04","06-10","1","1","0","1",NULL,"0"
"201909","TX",20,"5.99","05-08","06-10","1","1","0","1",NULL,"0"
"201909","TX",25,"3.99","01-04","16-20","1","1","0","1",NULL,"0"
"201909","TX",25,"3.99","09-12","16-20","2","2","0","2",NULL,"0"
"201909","TX",25,"4.49","05-08","16-20","1","1","0","1",NULL,"0"
"201909","TX",25,"4.49","13+","16-20","1","1","0","1",NULL,"0"
"201909","TX",25,"4.99","05-08","11-15","1","1","0","1",NULL,"0"
"201909","TX",25,"4.99","09-12","11-15","1","1","0","1",NULL,"0"
"201909","UT",12,"3.49","01-04","16-20","1","1","0","1",NULL,"0"
"201909","UT",20,"2.99","05-08","21-25","3","3","0","3",NULL,"0"
"201909","UT",20,"3.99","01-04","16-20","2","2","0","2",NULL,"0"
"201909","UT",20,"3.99","05-08","16-20","2","2","0","2",NULL,"0"
"201909","UT",20,"3.99","09-12","16-20","3","3","0","3",NULL,"0"
"201909","VA",20,"3.99","09-12","16-20","5","5","0","5",NULL,"0"
"201909","VA",20,"3.99","13+","16-20","2","2","0","2",NULL,"0"
"201909","VA",20,"5.99","01-04","06-10","1","1","0","1",NULL,"0"
"201909","WI",20,"3.99","05-08","16-20","2","2","0","2",NULL,"0"
"201910","AR",20,"3.99","05-08","16-20","1","1","0","1",NULL,"0"
"201910","AZ",20,"2.99","05-08","21-25","4","4","0","4",NULL,"0"
"201910","AZ",20,"2.99","09-12","21-25","2","2","0","2",NULL,"0"
"201910","AZ",20,"2.99","13+","21-25","2","2","0","2",NULL,"0"
"201910","AZ",20,"3.99","05-08","16-20","6","6","0","6",NULL,"0"
"201910","AZ",20,"3.99","09-12","16-20","3","3","0","3",NULL,"0"
"201910","AZ",20,"4.99","05-08","26+","1","1","0","1",NULL,"0"
"201910","AZ",20,"4.99","09-12","11-15","2","2","0","2",NULL,"0"
"201910","AZ",20,"4.99","09-12","11-15","2","2","001-030","1","2","50.00"
"201910","AZ",20,"5.99","05-08","06-10","1","1","0","1",NULL,"0"
"201910","AZ",25,"2.99","05-08","21-25","1","1","0","1",NULL,"0"
"201910","AZ",25,"2.99","09-12","21-25","3","3","0","3",NULL,"0"
"201910","AZ",25,"3.99","01-04","16-20","2","2","0","2",NULL,"0"
"201910","AZ",25,"3.99","05-08","16-20","3","3","0","3",NULL,"0"
"201910","AZ",25,"3.99","09-12","16-20","1","1","0","1",NULL,"0"
"201910","AZ",25,"3.99","09-12","21-25","1","1","0","1",NULL,"0"
"201910","AZ",25,"4.49","01-04","16-20","1","1","0","1",NULL,"0"
"201910","AZ",25,"4.49","05-08","16-20","3","3","0","3",NULL,"0"
"201910","AZ",25,"4.49","09-12","16-20","1","1","0","1",NULL,"0"
"201910","AZ",25,"4.49","13+","16-20","1","1","0","1",NULL,"0"
"201910","CA",10,"2.99","05-08","16-20","2","2","0","2",NULL,"0"
"201910","CA",10,"2.99","09-12","16-20","1","1","0","1",NULL,"0"
"201910","CA",10,"3.99","01-04","11-15","5","5","0","5",NULL,"0"
"201910","CA",10,"3.99","05-08","06-10","1","1","0","1",NULL,"0"
"201910","CA",10,"3.99","05-08","11-15","6","6","0","6",NULL,"0"
"201910","CA",10,"3.99","09-12","11-15","1","1","0","1",NULL,"0"
"201910","CA",10,"4.99","05-08","11-15","1","1","0","1",NULL,"0"
"201910","CA",12,"4.49","05-08","11-15","1","1","0","1",NULL,"0"
"201910","CA",20,"2.99","01-04","21-25","2","2","0","2",NULL,"0"
"201910","CA",20,"2.99","05-08","21-25","10","10","0","10",NULL,"0"
"201910","CA",20,"2.99","09-12","21-25","5","5","0","5",NULL,"0"
"201910","CA",20,"3.99","01-04","16-20","4","4","0","4",NULL,"0"
"201910","CA",20,"3.99","01-04","26+","1","1","0","1",NULL,"0"
"201910","CA",20,"3.99","05-08","16-20","16","16","0","16",NULL,"0"
"201910","CA",20,"3.99","05-08","26+","1","1","0","1",NULL,"0"
"201910","CA",20,"3.99","09-12","16-20","7","7","0","7",NULL,"0"
"201910","CA",20,"3.99","09-12","16-20","7","7","001-030","1","7","14.29"
"201910","CA",20,"3.99","09-12","16-20","7","7","031-060","1","1","100.00"
"201910","CA",20,"3.99","09-12","16-20","7","7","061-090","1","1","100.00"
"201910","CA",20,"3.99","09-12","16-20","7","7","091-120","1","1","100.00"
"201910","CA",20,"4.49","01-04","16-20","1","1","0","1",NULL,"0"
"201910","CA",20,"4.49","05-08","16-20","1","1","0","1",NULL,"0"
"201910","CA",20,"4.99","01-04","11-15","1","1","0","1",NULL,"0"
"201910","CA",20,"4.99","05-08","11-15","1","1","0","1",NULL,"0"
"201910","CA",20,"4.99","05-08","26+","1","1","0","1",NULL,"0"
"201910","CA",20,"4.99","09-12","11-15","2","2","0","2",NULL,"0"
"201910","CA",20,"5.99","01-04","06-10","4","4","0","4",NULL,"0"
"201910","CA",20,"5.99","05-08","06-10","9","9","0","9",NULL,"0"
"201910","CA",20,"5.99","09-12","06-10","4","4","0","4",NULL,"0"
"201910","CA",25,"2.99","01-04","21-25","1","1","0","1",NULL,"0"
"201910","CA",25,"2.99","05-08","21-25","1","1","0","1",NULL,"0"
"201910","CA",25,"2.99","09-12","21-25","1","1","0","1",NULL,"0"
"201910","CA",25,"3.99","05-08","16-20","7","7","0","7",NULL,"0"
"201910","CA",25,"4.99","05-08","11-15","1","1","0","1",NULL,"0"
"201910","CA",25,"6.99","01-04","01-05","1","1","0","1",NULL,"0"
"201910","CO",20,"2.99","05-08","21-25","3","3","0","3",NULL,"0"
"201910","CO",20,"3.99","01-04","16-20","5","5","0","5",NULL,"0"
"201910","CO",20,"3.99","05-08","16-20","6","6","0","6",NULL,"0"
"201910","CO",20,"3.99","09-12","16-20","2","2","0","2",NULL,"0"
"201910","CO",20,"4.99","09-12","11-15","2","2","0","2",NULL,"0"
"201910","CO",20,"5.99","09-12","06-10","1","1","0","1",NULL,"0"
"201910","CO",25,"2.99","05-08","21-25","1","1","0","1",NULL,"0"
"201910","CO",25,"3.99","09-12","16-20","1","1","0","1",NULL,"0"
"201910","CT",10,"3.99","01-04","11-15","1","1","0","1",NULL,"0"
"201910","CT",20,"3.99","09-12","16-20","1","1","0","1",NULL,"0"
"201910","DE",20,"3.99","13+","16-20","1","1","0","1",NULL,"0"
"201910","FL",20,"2.99","05-08","21-25","3","3","0","3",NULL,"0"
"201910","FL",20,"2.99","09-12","21-25","2","2","0","2",NULL,"0"
"201910","FL",20,"3.99","01-04","16-20","1","1","0","1",NULL,"0"
"201910","FL",20,"3.99","05-08","16-20","1","1","0","1",NULL,"0"
"201910","FL",20,"3.99","05-08","26+","1","1","0","1",NULL,"0"
"201910","FL",20,"3.99","09-12","16-20","4","4","0","4",NULL,"0"
"201910","FL",20,"3.99","13+","16-20","3","3","0","3",NULL,"0"
"201910","FL",20,"4.99","09-12","11-15","3","3","0","3",NULL,"0"
"201910","FL",20,"4.99","13+","11-15","1","1","0","1",NULL,"0"
"201910","FL",25,"3.99","05-08","16-20","1","1","0","1",NULL,"0"
"201910","FL",25,"3.99","09-12","16-20","2","2","0","2",NULL,"0"
"201910","HI",20,"5.99","09-12","06-10","1","1","0","1",NULL,"0"
"201910","ID",20,"3.99","05-08","16-20","5","5","0","5",NULL,"0"
"201910","ID",25,"3.99","01-04","16-20","1","1","0","1",NULL,"0"
"201910","IL",20,"3.99","05-08","16-20","4","4","0","4",NULL,"0"
"201910","IL",20,"3.99","09-12","16-20","2","2","0","2",NULL,"0"
"201910","IL",25,"3.99","09-12","16-20","1","1","0","1",NULL,"0"
"201910","IN",20,"5.99","01-04","06-10","1","1","0","1",NULL,"0"
"201910","KS",20,"3.99","05-08","16-20","1","1","0","1",NULL,"0"
"201910","MD",12,"2.99","13+","16-20","1","1","0","1",NULL,"0"
"201910","MD",20,"3.99","05-08","16-20","1","1","0","1",NULL,"0"
"201910","MD",20,"3.99","09-12","16-20","1","1","0","1",NULL,"0"
"201910","MI",20,"3.99","05-08","16-20","2","2","0","2",NULL,"0"
"201910","NC",20,"3.99","01-04","16-20","2","2","0","2",NULL,"0"
"201910","NC",20,"3.99","09-12","16-20","2","2","0","2",NULL,"0"
"201910","NC",20,"3.99","13+","16-20","2","2","0","2",NULL,"0"
"201910","NC",20,"5.99","01-04","06-10","1","1","0","1",NULL,"0"
"201910","NJ",10,"3.99","01-04","11-15","1","1","0","1",NULL,"0"
"201910","NJ",10,"3.99","05-08","11-15","1","1","0","1",NULL,"0"
"201910","NJ",20,"5.99","09-12","06-10","2","2","0","2",NULL,"0"
"201910","NM",10,"2.99","01-04","16-20","1","1","0","1",NULL,"0"
"201910","NM",10,"2.99","05-08","16-20","1","1","0","1",NULL,"0"
"201910","NM",20,"2.99","01-04","21-25","4","4","0","4",NULL,"0"
"201910","NM",20,"2.99","09-12","21-25","2","2","0","2",NULL,"0"
"201910","NM",20,"3.99","01-04","16-20","5","5","0","5",NULL,"0"
"201910","NM",20,"3.99","05-08","16-20","1","1","0","1",NULL,"0"
"201910","NM",20,"4.99","01-04","11-15","2","2","0","2",NULL,"0"
"201910","NM",20,"5.99","05-08","11-15","1","1","0","1",NULL,"0"
"201910","NV",20,"2.99","09-12","21-25","4","4","0","4",NULL,"0"
"201910","NV",20,"2.99","09-12","21-25","4","4","001-030","1","4","25.00"
"201910","NV",20,"2.99","09-12","21-25","4","4","031-060","1","1","100.00"
"201910","NV",20,"2.99","09-12","21-25","4","4","061-090","1","1","100.00"
"201910","NV",20,"2.99","09-12","21-25","4","4","091-120","1","1","100.00"
"201910","NV",20,"3.99","01-04","16-20","2","2","0","2",NULL,"0"
"201910","NV",20,"3.99","05-08","16-20","6","6","0","6",NULL,"0"
"201910","NV",20,"3.99","09-12","16-20","5","5","0","5",NULL,"0"
"201910","NV",20,"3.99","13+","16-20","2","2","0","2",NULL,"0"
"201910","NV",20,"5.99","05-08","26+","1","1","0","1",NULL,"0"
"201910","NV",25,"2.99","01-04","21-25","1","1","0","1",NULL,"0"
"201910","NV",25,"2.99","05-08","21-25","2","2","0","2",NULL,"0"
"201910","NV",25,"3.99","01-04","16-20","1","1","0","1",NULL,"0"
"201910","NV",25,"3.99","05-08","16-20","4","4","0","4",NULL,"0"
"201910","NV",25,"3.99","09-12","16-20","1","1","0","1",NULL,"0"
"201910","NV",25,"3.99","13+","16-20","1","1","0","1",NULL,"0"
"201910","NV",25,"4.49","13+","16-20","1","1","0","1",NULL,"0"
"201910","NY",15,"4.99","05-08","11-15","1","1","0","1",NULL,"0"
"201910","NY",20,"4.99","05-08","11-15","2","2","0","2",NULL,"0"
"201910","OH",20,"5.99","01-04","06-10","1","1","0","1",NULL,"0"
"201910","OH",20,"5.99","05-08","06-10","1","1","0","1",NULL,"0"
"201910","OK",20,"3.99","05-08","16-20","1","1","0","1",NULL,"0"
"201910","OR",20,"3.99","01-04","16-20","1","1","0","1",NULL,"0"
"201910","OR",25,"3.99","05-08","16-20","3","3","0","3",NULL,"0"
"201910","PA",20,"3.99","05-08","16-20","1","1","0","1",NULL,"0"
"201910","PA",20,"3.99","09-12","16-20","1","1","0","1",NULL,"0"
"201910","PA",20,"4.99","13+","11-15","1","1","0","1",NULL,"0"
"201910","RI",10,"3.99","01-04","06-10","1","1","0","1",NULL,"0"
"201910","RI",20,"3.99","05-08","16-20","1","1","0","1",NULL,"0"
"201910","RI",25,"2.99","05-08","21-25","1","1","0","1",NULL,"0"
"201910","SC",20,"3.99","01-04","16-20","1","1","0","1",NULL,"0"
"201910","SC",20,"3.99","05-08","16-20","2","2","0","2",NULL,"0"
"201910","SC",20,"4.49","05-08","16-20","1","1","0","1",NULL,"0"
"201910","TX",10,"2.99","05-08","16-20","1","1","0","1",NULL,"0"
"201910","TX",20,"2.99","01-04","21-25","2","2","0","2",NULL,"0"
"201910","TX",20,"2.99","05-08","21-25","5","5","0","5",NULL,"0"
"201910","TX",20,"2.99","09-12","21-25","1","1","0","1",NULL,"0"
"201910","TX",20,"3.99","01-04","16-20","7","7","0","7",NULL,"0"
"201910","TX",20,"3.99","05-08","16-20","12","12","0","12",NULL,"0"
"201910","TX",20,"3.99","09-12","16-20","8","8","0","8",NULL,"0"
"201910","TX",20,"3.99","09-12","16-20","8","8","001-030","1","8","12.50"
"201910","TX",20,"3.99","09-12","16-20","8","8","031-060","1","1","100.00"
"201910","TX",20,"3.99","13+","16-20","4","4","0","4",NULL,"0"
"201910","TX",20,"4.49","09-12","16-20","2","2","0","2",NULL,"0"
"201910","TX",20,"4.99","09-12","11-15","1","1","0","1",NULL,"0"
"201910","TX",20,"5.99","05-08","06-10","1","1","0","1",NULL,"0"
"201910","TX",20,"5.99","09-12","06-10","1","1","0","1",NULL,"0"
"201910","TX",25,"2.99","09-12","21-25","2","2","0","2",NULL,"0"
"201910","TX",25,"4.49","09-12","16-20","1","1","0","1",NULL,"0"
"201910","TX",25,"4.49","13+","16-20","1","1","0","1",NULL,"0"
"201910","TX",25,"4.99","05-08","11-15","1","1","0","1",NULL,"0"
"201910","TX",25,"4.99","09-12","11-15","3","3","0","3",NULL,"0"
"201910","TX",25,"5.99","05-08","11-15","1","1","0","1",NULL,"0"
"201910","TX",25,"5.99","09-12","06-10","1","1","0","1",NULL,"0"
"201910","UT",20,"2.99","01-04","21-25","2","2","0","2",NULL,"0"
"201910","UT",20,"2.99","05-08","21-25","3","3","0","3",NULL,"0"
"201910","UT",20,"3.99","01-04","16-20","3","3","0","3",NULL,"0"
"201910","UT",20,"3.99","05-08","16-20","4","4","0","4",NULL,"0"
"201910","UT",20,"3.99","05-08","26+","1","1","0","1",NULL,"0"
"201910","UT",20,"3.99","09-12","16-20","1","1","0","1",NULL,"0"
"201910","UT",25,"3.99","05-08","16-20","1","1","0","1",NULL,"0"
"201910","UT",25,"4.49","05-08","16-20","1","1","0","1",NULL,"0"
"201910","VA",10,"2.99","05-08","16-20","1","1","0","1",NULL,"0"
"201910","VA",10,"2.99","13+","16-20","1","1","0","1",NULL,"0"
"201910","VA",20,"3.99","05-08","16-20","1","1","0","1",NULL,"0"
"201910","VA",20,"3.99","09-12","16-20","1","1","0","1",NULL,"0"
"201910","VA",20,"3.99","09-12","26+","1","1","0","1",NULL,"0"
"201910","VA",25,"3.99","05-08","21-25","3","3","0","3",NULL,"0"
"201910","WA",25,"3.99","05-08","16-20","2","2","0","2",NULL,"0"
"201910","WI",20,"3.99","05-08","16-20","1","1","0","1",NULL,"0"
"201910","WI",20,"3.99","09-12","16-20","1","1","0","1",NULL,"0"
"201911","AZ",10,"3.99","09-12","06-10","1","1","0","1",NULL,"0"
"201911","AZ",20,"2.99","05-08","21-25","3","3","0","3",NULL,"0"
"201911","AZ",20,"2.99","09-12","21-25","2","2","0","2",NULL,"0"
"201911","AZ",20,"2.99","13+","21-25","1","1","0","1",NULL,"0"
"201911","AZ",20,"3.99","05-08","16-20","6","6","0","6",NULL,"0"
"201911","AZ",20,"3.99","09-12","16-20","3","3","0","3",NULL,"0"
"201911","AZ",20,"5.99","05-08","06-10","1","1","0","1",NULL,"0"
"201911","AZ",20,"5.99","05-08","11-15","1","1","0","1",NULL,"0"
"201911","AZ",20,"5.99","09-12","06-10","3","3","0","3",NULL,"0"
"201911","AZ",25,"2.99","05-08","21-25","5","5","0","5",NULL,"0"
"201911","AZ",25,"2.99","09-12","21-25","2","2","0","2",NULL,"0"
"201911","AZ",25,"2.99","13+","21-25","1","1","0","1",NULL,"0"
"201911","AZ",25,"3.99","05-08","16-20","2","2","0","2",NULL,"0"
"201911","AZ",25,"3.99","09-12","16-20","1","1","0","1",NULL,"0"
"201911","AZ",25,"4.49","09-12","16-20","1","1","0","1",NULL,"0"
"201911","CA",10,"2.99","09-12","16-20","1","1","0","1",NULL,"0"
"201911","CA",10,"2.99","13+","16-20","1","1","0","1",NULL,"0"
"201911","CA",10,"3.99","05-08","06-10","7","7","0","7",NULL,"0"
"201911","CA",10,"3.99","09-12","06-10","2","2","0","2",NULL,"0"
"201911","CA",12,"2.99","05-08","16-20","1","1","0","1",NULL,"0"
"201911","CA",15,"3.99","01-04","16-20","1","1","0","1",NULL,"0"
"201911","CA",20,"2.99","01-04","21-25","4","4","0","4",NULL,"0"
"201911","CA",20,"2.99","05-08","21-25","8","8","0","8",NULL,"0"
"201911","CA",20,"2.99","09-12","21-25","2","2","0","2",NULL,"0"
"201911","CA",20,"2.99","13+","21-25","1","1","0","1",NULL,"0"
"201911","CA",20,"3.99","01-04","16-20","3","3","0","3",NULL,"0"
"201911","CA",20,"3.99","05-08","16-20","13","13","0","13",NULL,"0"
"201911","CA",20,"3.99","05-08","26+","1","1","0","1",NULL,"0"
"201911","CA",20,"3.99","09-12","16-20","3","3","0","3",NULL,"0"
"201911","CA",20,"4.99","05-08","11-15","4","4","0","4",NULL,"0"
"201911","CA",20,"4.99","05-08","16-20","1","1","0","1",NULL,"0"
"201911","CA",20,"4.99","05-08","26+","1","1","0","1",NULL,"0"
"201911","CA",20,"5.99","01-04","06-10","1","1","0","1",NULL,"0"
"201911","CA",20,"5.99","05-08","06-10","10","10","0","10",NULL,"0"
"201911","CA",20,"5.99","05-08","11-15","1","1","0","1",NULL,"0"
"201911","CA",20,"5.99","09-12","06-10","2","2","0","2",NULL,"0"
"201911","CA",25,"2.99","05-08","21-25","3","3","0","3",NULL,"0"
"201911","CA",25,"2.99","09-12","21-25","1","1","0","1",NULL,"0"
"201911","CA",25,"2.99","13+","21-25","1","1","0","1",NULL,"0"
"201911","CA",25,"3.99","09-12","16-20","2","2","0","2",NULL,"0"
"201911","CO",10,"3.99","05-08","06-10","2","2","0","2",NULL,"0"
"201911","CO",10,"3.99","05-08","06-10","2","2","001-030","1","2","50.00"
"201911","CO",12,"2.99","05-08","16-20","1","1","0","1",NULL,"0"
"201911","CO",20,"2.99","01-04","21-25","1","1","0","1",NULL,"0"
"201911","CO",20,"3.99","01-04","16-20","2","2","0","2",NULL,"0"
"201911","CO",20,"3.99","05-08","16-20","9","9","0","9",NULL,"0"
"201911","CO",20,"3.99","09-12","16-20","2","2","0","2",NULL,"0"
"201911","CO",20,"5.99","09-12","06-10","1","1","0","1",NULL,"0"
"201911","CO",25,"2.99","05-08","21-25","1","1","0","1",NULL,"0"
"201911","CO",25,"3.99","01-04","16-20","1","1","0","1",NULL,"0"
"201911","CO",25,"3.99","05-08","16-20","1","1","0","1",NULL,"0"
"201911","CO",25,"4.49","05-08","16-20","1","1","0","1",NULL,"0"
"201911","DE",20,"3.99","09-12","16-20","1","1","0","1",NULL,"0"
"201911","FL",12,"2.99","13+","21-25","1","1","0","1",NULL,"0"
"201911","FL",20,"2.99","05-08","21-25","2","2","0","2",NULL,"0"
"201911","FL",20,"2.99","09-12","21-25","3","3","0","3",NULL,"0"
"201911","FL",20,"2.99","09-12","21-25","3","3","001-030","1","3","33.33"
"201911","FL",20,"2.99","13+","21-25","3","3","0","3",NULL,"0"
"201911","FL",20,"3.99","05-08","16-20","3","3","0","3",NULL,"0"
"201911","FL",20,"3.99","09-12","16-20","5","5","0","5",NULL,"0"
"201911","FL",20,"3.99","09-12","26+","1","1","0","1",NULL,"0"
"201911","FL",20,"3.99","13+","16-20","3","3","0","3",NULL,"0"
"201911","FL",20,"5.99","09-12","06-10","1","1","0","1",NULL,"0"
"201911","FL",25,"3.99","05-08","16-20","2","2","0","2",NULL,"0"
"201911","FL",25,"3.99","09-12","16-20","3","3","0","3",NULL,"0"
"201911","FL",25,"3.99","09-12","16-20","3","3","001-030","1","3","33.33"
"201911","FL",25,"3.99","09-12","21-25","2","2","0","2",NULL,"0"
"201911","HI",20,"5.99","05-08","06-10","1","1","0","1",NULL,"0"
"201911","ID",20,"2.99","05-08","21-25","1","1","0","1",NULL,"0"
"201911","ID",20,"3.99","01-04","16-20","1","1","0","1",NULL,"0"
"201911","ID",20,"3.99","05-08","16-20","4","4","0","4",NULL,"0"
"201911","ID",25,"3.99","01-04","16-20","1","1","0","1",NULL,"0"
"201911","ID",25,"3.99","05-08","16-20","1","1","0","1",NULL,"0"
"201911","ID",25,"4.99","01-04","11-15","1","1","0","1",NULL,"0"
"201911","ID",25,"5.99","05-08","06-10","1","1","0","1",NULL,"0"
"201911","IL",20,"2.99","05-08","21-25","1","1","0","1",NULL,"0"
"201911","IL",20,"3.99","05-08","16-20","3","3","0","3",NULL,"0"
"201911","IL",20,"3.99","09-12","16-20","1","1","0","1",NULL,"0"
"201911","IL",20,"5.99","05-08","06-10","1","1","0","1",NULL,"0"
"201911","IL",20,"5.99","09-12","06-10","1","1","0","1",NULL,"0"
"201911","IN",20,"3.99","09-12","16-20","1","1","0","1",NULL,"0"
"201911","KS",20,"3.99","09-12","16-20","1","1","0","1",NULL,"0"
"201911","MA",20,"3.99","09-12","16-20","1","1","0","1",NULL,"0"
"201911","MD",12,"2.99","05-08","16-20","1","1","0","1",NULL,"0"
"201911","MD",20,"3.99","09-12","16-20","2","2","0","2",NULL,"0"
"201911","MD",20,"3.99","13+","16-20","1","1","0","1",NULL,"0"
"201911","MI",20,"3.99","05-08","16-20","2","2","0","2",NULL,"0"
"201911","MO",20,"3.99","13+","16-20","1","1","0","1",NULL,"0"
"201911","NC",15,"3.49","05-08","16-20","1","1","0","1",NULL,"0"
"201911","NC",20,"3.99","05-08","16-20","6","6","0","6",NULL,"0"
"201911","NC",20,"3.99","09-12","16-20","1","1","0","1",NULL,"0"
"201911","NJ",10,"3.99","01-04","06-10","1","1","0","1",NULL,"0"
"201911","NJ",20,"3.99","13+","16-20","1","1","0","1",NULL,"0"
"201911","NJ",20,"5.99","05-08","06-10","1","1","0","1",NULL,"0"
"201911","NJ",20,"5.99","05-08","11-15","1","1","0","1",NULL,"0"
"201911","NM",20,"2.99","01-04","21-25","1","1","0","1",NULL,"0"
"201911","NM",20,"2.99","05-08","21-25","2","2","0","2",NULL,"0"
"201911","NM",20,"2.99","09-12","21-25","1","1","0","1",NULL,"0"
"201911","NM",20,"3.99","01-04","16-20","3","3","0","3",NULL,"0"
"201911","NV",10,"2.99","05-08","16-20","1","1","0","1",NULL,"0"
"201911","NV",20,"2.99","01-04","21-25","1","1","0","1",NULL,"0"
"201911","NV",20,"2.99","05-08","21-25","5","5","0","5",NULL,"0"
"201911","NV",20,"2.99","05-08","21-25","5","5","001-030","1","5","20.00"
"201911","NV",20,"2.99","05-08","21-25","5","5","031-060","1","1","100.00"
"201911","NV",20,"2.99","09-12","21-25","1","1","0","1",NULL,"0"
"201911","NV",20,"3.99","05-08","16-20","4","4","0","4",NULL,"0"
"201911","NV",20,"3.99","05-08","26+","1","1","0","1",NULL,"0"
"201911","NV",20,"3.99","13+","16-20","1","1","0","1",NULL,"0"
"201911","NV",25,"2.99","05-08","21-25","3","3","0","3",NULL,"0"
"201911","NV",25,"2.99","09-12","21-25","2","2","0","2",NULL,"0"
"201911","NV",25,"3.99","01-04","16-20","1","1","0","1",NULL,"0"
"201911","NV",25,"3.99","05-08","16-20","3","3","0","3",NULL,"0"
"201911","NV",25,"3.99","09-12","16-20","2","2","0","2",NULL,"0"
"201911","NV",25,"5.99","13+","06-10","1","1","0","1",NULL,"0"
"201911","NY",20,"4.99","05-08","11-15","1","1","0","1",NULL,"0"
"201911","NY",20,"4.99","05-08","11-15","1","1","001-030","1","1","100.00"
"201911","NY",20,"4.99","05-08","11-15","1","1","031-060","1","1","100.00"
"201911","NY",20,"4.99","05-08","11-15","1","1","061-090","1","1","100.00"
"201911","OH",15,"3.49","05-08","16-20","1","1","0","1",NULL,"0"
"201911","OH",20,"5.99","05-08","06-10","2","2","0","2",NULL,"0"
"201911","OK",20,"3.99","01-04","16-20","1","1","0","1",NULL,"0"
"201911","OK",25,"2.99","01-04","21-25","1","1","0","1",NULL,"0"
"201911","OR",10,"2.99","01-04","16-20","1","1","0","1",NULL,"0"
"201911","OR",20,"3.99","05-08","16-20","1","1","0","1",NULL,"0"
"201911","OR",25,"3.99","01-04","16-20","1","1","0","1",NULL,"0"
"201911","OR",25,"3.99","05-08","16-20","1","1","0","1",NULL,"0"
"201911","OR",25,"3.99","13+","16-20","1","1","0","1",NULL,"0"
"201911","PA",20,"4.99","09-12","11-15","1","1","0","1",NULL,"0"
"201911","SC",20,"3.99","05-08","16-20","1","1","0","1",NULL,"0"
"201911","TX",10,"2.99","09-12","16-20","1","1","0","1",NULL,"0"
"201911","TX",10,"3.99","05-08","11-15","1","1","0","1",NULL,"0"
"201911","TX",12,"2.99","05-08","16-20","2","2","0","2",NULL,"0"
"201911","TX",12,"3.99","01-04","11-15","1","1","0","1",NULL,"0"
"201911","TX",15,"3.49","09-12","16-20","1","1","0","1",NULL,"0"
"201911","TX",20,"2.99","01-04","21-25","5","5","0","5",NULL,"0"
"201911","TX",20,"2.99","05-08","21-25","7","7","0","7",NULL,"0"
"201911","TX",20,"3.99","01-04","16-20","4","4","0","4",NULL,"0"
"201911","TX",20,"3.99","05-08","16-20","11","11","0","11",NULL,"0"
"201911","TX",20,"3.99","05-08","16-20","11","11","001-030","1","11","9.09"
"201911","TX",20,"3.99","09-12","16-20","7","7","0","7",NULL,"0"
"201911","TX",20,"3.99","13+","16-20","5","5","0","5",NULL,"0"
"201911","TX",20,"4.99","01-04","11-15","1","1","0","1",NULL,"0"
"201911","TX",20,"4.99","05-08","11-15","2","2","0","2",NULL,"0"
"201911","TX",20,"4.99","09-12","06-10","1","1","0","1",NULL,"0"
"201911","TX",20,"4.99","13+","11-15","1","1","0","1",NULL,"0"
"201911","TX",20,"5.99","05-08","06-10","1","1","0","1",NULL,"0"
"201911","TX",20,"5.99","05-08","11-15","1","1","0","1",NULL,"0"
"201911","TX",20,"5.99","05-08","26+","1","1","0","1",NULL,"0"
"201911","TX",20,"5.99","09-12","06-10","1","1","0","1",NULL,"0"
"201911","TX",25,"2.99","05-08","21-25","1","1","0","1",NULL,"0"
"201911","TX",25,"3.99","05-08","16-20","4","4","0","4",NULL,"0"
"201911","TX",25,"4.49","05-08","16-20","2","2","0","2",NULL,"0"
"201911","UT",10,"2.99","01-04","26+","1","1","0","1",NULL,"0"
"201911","UT",12,"2.99","05-08","16-20","1","1","0","1",NULL,"0"
"201911","UT",12,"3.49","05-08","16-20","1","1","0","1",NULL,"0"
"201911","UT",15,"3.99","01-04","16-20","1","1","0","1",NULL,"0"
"201911","UT",20,"2.99","05-08","21-25","2","2","0","2",NULL,"0"
"201911","UT",20,"3.99","01-04","16-20","1","1","0","1",NULL,"0"
"201911","UT",20,"3.99","05-08","16-20","4","4","0","4",NULL,"0"
"201911","UT",20,"4.99","05-08","26+","1","1","0","1",NULL,"0"
"201911","UT",25,"3.99","05-08","16-20","1","1","0","1",NULL,"0"
"201911","VA",10,"2.99","09-12","16-20","2","2","0","2",NULL,"0"
"201911","VA",20,"3.99","05-08","16-20","4","4","0","4",NULL,"0"
"201911","VA",20,"3.99","09-12","16-20","1","1","0","1",NULL,"0"
"201911","VA",20,"5.99","05-08","06-10","2","2","0","2",NULL,"0"
"201911","VA",20,"5.99","13+","06-10","1","1","0","1",NULL,"0"
"201911","VA",25,"3.99","05-08","21-25","1","1","0","1",NULL,"0"
"201911","WI",10,"2.99","05-08","11-15","1","1","0","1",NULL,"0"
"201911","WI",12,"3.49","05-08","16-20","2","2","0","2",NULL,"0"
"201912","AR",20,"2.99","13+","21-25","1","1","0","1",NULL,"0"
"201912","AR",25,"2.99","01-04","21-25","2","2","0","2",NULL,"0"
"201912","AZ",10,"3.99","09-12","06-10","1","1","0","1",NULL,"0"
"201912","AZ",20,"2.99","05-08","16-20","2","2","0","2",NULL,"0"
"201912","AZ",20,"2.99","05-08","21-25","1","1","0","1",NULL,"0"
"201912","AZ",20,"2.99","09-12","16-20","4","4","0","4",NULL,"0"
"201912","AZ",20,"2.99","13+","21-25","1","1","0","1",NULL,"0"
"201912","AZ",20,"3.99","01-04","16-20","1","1","0","1",NULL,"0"
"201912","AZ",20,"3.99","05-08","16-20","2","2","0","2",NULL,"0"
"201912","AZ",20,"3.99","05-08","26+","1","1","0","1",NULL,"0"
"201912","AZ",20,"3.99","09-12","16-20","2","2","0","2",NULL,"0"
"201912","AZ",20,"3.99","09-12","16-20","2","2","001-030","1","2","50.00"
"201912","AZ",20,"3.99","13+","16-20","1","1","0","1",NULL,"0"
"201912","AZ",20,"4.99","05-08","11-15","1","1","0","1",NULL,"0"
"201912","AZ",20,"5.99","05-08","26+","1","1","0","1",NULL,"0"
"201912","AZ",20,"5.99","09-12","06-10","1","1","0","1",NULL,"0"
"201912","AZ",25,"2.99","05-08","21-25","8","8","0","8",NULL,"0"
"201912","AZ",25,"2.99","09-12","21-25","3","3","0","3",NULL,"0"
"201912","AZ",25,"2.99","13+","21-25","1","1","0","1",NULL,"0"
"201912","AZ",25,"3.99","05-08","16-20","5","5","0","5",NULL,"0"
"201912","AZ",25,"3.99","09-12","16-20","1","1","0","1",NULL,"0"
"201912","AZ",25,"3.99","13+","16-20","1","1","0","1",NULL,"0"
"201912","AZ",25,"4.49","05-08","16-20","2","2","0","2",NULL,"0"
"201912","AZ",25,"4.49","05-08","16-20","2","2","001-030","1","2","50.00"
"201912","CA",10,"2.99","05-08","16-20","2","2","0","2",NULL,"0"
"201912","CA",10,"3.99","01-04","06-10","2","2","0","2",NULL,"0"
"201912","CA",10,"3.99","01-04","11-15","1","1","0","1",NULL,"0"
"201912","CA",10,"3.99","05-08","06-10","5","5","0","5",NULL,"0"
"201912","CA",10,"3.99","09-12","06-10","1","1","0","1",NULL,"0"
"201912","CA",10,"3.99","09-12","11-15","1","1","0","1",NULL,"0"
"201912","CA",20,"2.99","05-08","21-25","5","5","0","5",NULL,"0"
"201912","CA",20,"2.99","05-08","26+","1","1","0","1",NULL,"0"
"201912","CA",20,"2.99","09-12","21-25","1","1","0","1",NULL,"0"
"201912","CA",20,"3.99","01-04","16-20","3","3","0","3",NULL,"0"
"201912","CA",20,"3.99","05-08","16-20","6","6","0","6",NULL,"0"
"201912","CA",20,"3.99","05-08","26+","1","1","0","1",NULL,"0"
"201912","CA",20,"3.99","09-12","16-20","1","1","0","1",NULL,"0"
"201912","CA",20,"4.49","09-12","16-20","1","1","0","1",NULL,"0"
"201912","CA",20,"4.99","05-08","11-15","1","1","0","1",NULL,"0"
"201912","CA",20,"4.99","05-08","16-20","1","1","0","1",NULL,"0"
"201912","CA",20,"4.99","13+","16-20","1","1","0","1",NULL,"0"
"201912","CA",20,"5.99","01-04","06-10","3","3","0","3",NULL,"0"
"201912","CA",20,"5.99","05-08","06-10","8","8","0","8",NULL,"0"
"201912","CA",20,"5.99","05-08","11-15","1","1","0","1",NULL,"0"
"201912","CA",20,"5.99","09-12","06-10","1","1","0","1",NULL,"0"
"201912","CA",25,"2.99","01-04","21-25","1","1","0","1",NULL,"0"
"201912","CA",25,"2.99","05-08","21-25","4","4","0","4",NULL,"0"
"201912","CA",25,"3.99","05-08","16-20","2","2","0","2",NULL,"0"
"201912","CA",25,"4.99","05-08","11-15","1","1","0","1",NULL,"0"
"201912","CA",25,"4.99","09-12","11-15","1","1","0","1",NULL,"0"
"201912","CO",10,"3.99","05-08","06-10","1","1","0","1",NULL,"0"
"201912","CO",10,"3.99","13+","06-10","1","1","0","1",NULL,"0"
"201912","CO",20,"2.99","05-08","21-25","1","1","0","1",NULL,"0"
"201912","CO",20,"2.99","09-12","21-25","1","1","0","1",NULL,"0"
"201912","CO",20,"3.99","01-04","16-20","1","1","0","1",NULL,"0"
"201912","CO",20,"3.99","05-08","16-20","5","5","0","5",NULL,"0"
"201912","CO",20,"5.99","01-04","06-10","1","1","0","1",NULL,"0"
"201912","CO",25,"2.99","01-04","21-25","2","2","0","2",NULL,"0"
"201912","CO",25,"2.99","05-08","21-25","2","2","0","2",NULL,"0"
"201912","CO",25,"3.99","01-04","16-20","2","2","0","2",NULL,"0"
"201912","CO",25,"3.99","05-08","16-20","1","1","0","1",NULL,"0"
"201912","FL",10,"3.99","13+","06-10","1","1","0","1",NULL,"0"
"201912","FL",12,"2.99","05-08","16-20","1","1","0","1",NULL,"0"
"201912","FL",20,"2.99","05-08","16-20","1","1","0","1",NULL,"0"
"201912","FL",20,"2.99","05-08","21-25","3","3","0","3",NULL,"0"
"201912","FL",20,"2.99","09-12","21-25","3","3","0","3",NULL,"0"
"201912","FL",20,"3.99","05-08","16-20","2","2","0","2",NULL,"0"
"201912","FL",20,"3.99","05-08","26+","1","1","0","1",NULL,"0"
"201912","FL",20,"3.99","09-12","16-20","3","3","0","3",NULL,"0"
"201912","FL",20,"3.99","13+","16-20","1","1","0","1",NULL,"0"
"201912","FL",20,"4.99","05-08","11-15","1","1","0","1",NULL,"0"
"201912","FL",20,"4.99","09-12","06-10","1","1","0","1",NULL,"0"
"201912","FL",25,"2.99","09-12","21-25","2","2","0","2",NULL,"0"
"201912","FL",25,"3.99","05-08","16-20","2","2","0","2",NULL,"0"
"201912","FL",25,"3.99","09-12","16-20","3","3","0","3",NULL,"0"
"201912","FL",25,"3.99","09-12","21-25","3","3","0","3",NULL,"0"
"201912","FL",25,"3.99","13+","16-20","1","1","0","1",NULL,"0"
"201912","ID",12,"2.99","13+","16-20","1","1","0","1",NULL,"0"
"201912","ID",20,"3.99","05-08","16-20","1","1","0","1",NULL,"0"
"201912","ID",20,"3.99","09-12","16-20","1","1","0","1",NULL,"0"
"201912","ID",20,"3.99","13+","16-20","1","1","0","1",NULL,"0"
"201912","ID",25,"2.99","01-04","21-25","1","1","0","1",NULL,"0"
"201912","ID",25,"2.99","05-08","21-25","1","1","0","1",NULL,"0"
"201912","ID",25,"3.99","09-12","16-20","1","1","0","1",NULL,"0"
"201912","IL",10,"3.99","05-08","06-10","1","1","0","1",NULL,"0"
"201912","IL",20,"3.99","09-12","16-20","1","1","0","1",NULL,"0"
"201912","IL",20,"5.99","05-08","06-10","1","1","0","1",NULL,"0"
"201912","IL",25,"2.99","05-08","21-25","1","1","0","1",NULL,"0"
"201912","IL",25,"3.99","05-08","16-20","2","2","0","2",NULL,"0"
"201912","IL",25,"3.99","09-12","16-20","1","1","0","1",NULL,"0"
"201912","IN",25,"3.99","09-12","16-20","1","1","0","1",NULL,"0"
"201912","MA",10,"3.99","09-12","06-10","1","1","0","1",NULL,"0"
"201912","MD",10,"3.99","13+","11-15","1","1","0","1",NULL,"0"
"201912","MD",20,"3.99","05-08","16-20","2","2","0","2",NULL,"0"
"201912","MD",20,"3.99","09-12","16-20","1","1","0","1",NULL,"0"
"201912","MI",20,"3.99","01-04","16-20","3","3","0","3",NULL,"0"
"201912","MI",20,"3.99","05-08","16-20","1","1","0","1",NULL,"0"
"201912","MO",20,"3.99","13+","16-20","1","1","0","1",NULL,"0"
"201912","MT",20,"4.99","13+","11-15","1","1","0","1",NULL,"0"
"201912","NC",20,"3.99","05-08","16-20","3","3","0","3",NULL,"0"
"201912","NC",20,"3.99","13+","16-20","1","1","0","1",NULL,"0"
"201912","NC",20,"5.99","01-04","06-10","1","1","0","1",NULL,"0"
"201912","NC",25,"3.99","05-08","16-20","1","1","0","1",NULL,"0"
"201912","NC",25,"4.99","05-08","16-20","1","1","0","1",NULL,"0"
"201912","NJ",10,"3.99","05-08","06-10","1","1","0","1",NULL,"0"
"201912","NJ",10,"3.99","09-12","26+","1","1","0","1",NULL,"0"
"201912","NJ",20,"3.99","09-12","16-20","1","1","0","1",NULL,"0"
"201912","NJ",20,"5.99","09-12","11-15","1","1","0","1",NULL,"0"
"201912","NJ",20,"5.99","13+","11-15","1","1","0","1",NULL,"0"
"201912","NJ",25,"3.99","09-12","16-20","1","1","0","1",NULL,"0"
"201912","NM",10,"3.99","05-08","06-10","1","1","0","1",NULL,"0"
"201912","NM",10,"3.99","09-12","06-10","1","1","0","1",NULL,"0"
"201912","NM",12,"3.99","01-04","11-15","1","1","0","1",NULL,"0"
"201912","NM",20,"2.99","01-04","21-25","3","3","0","3",NULL,"0"
"201912","NM",20,"2.99","09-12","21-25","2","2","0","2",NULL,"0"
"201912","NM",20,"3.99","01-04","16-20","2","2","0","2",NULL,"0"
"201912","NM",25,"2.99","01-04","21-25","1","1","0","1",NULL,"0"
"201912","NM",25,"2.99","05-08","21-25","1","1","0","1",NULL,"0"
"201912","NV",20,"2.99","01-04","21-25","1","1","0","1",NULL,"0"
"201912","NV",20,"2.99","05-08","16-20","1","1","0","1",NULL,"0"
"201912","NV",20,"3.99","01-04","16-20","2","2","0","2",NULL,"0"
"201912","NV",20,"3.99","05-08","16-20","9","9","0","9",NULL,"0"
"201912","NV",20,"3.99","09-12","26+","1","1","0","1",NULL,"0"
"201912","NV",20,"4.99","09-12","11-15","1","1","0","1",NULL,"0"
"201912","NV",20,"5.99","01-04","11-15","1","1","0","1",NULL,"0"
"201912","NV",25,"2.99","01-04","21-25","2","2","0","2",NULL,"0"
"201912","NV",25,"2.99","05-08","21-25","3","3","0","3",NULL,"0"
"201912","NV",25,"2.99","09-12","21-25","3","3","0","3",NULL,"0"
"201912","NV",25,"3.99","05-08","16-20","4","4","0","4",NULL,"0"
"201912","NV",25,"3.99","09-12","16-20","1","1","0","1",NULL,"0"
"201912","NV",25,"5.99","05-08","11-15","1","1","0","1",NULL,"0"
"201912","NV",25,"6.99","09-12","01-05","1","1","0","1",NULL,"0"
"201912","OH",20,"5.99","05-08","06-10","1","1","0","1",NULL,"0"
"201912","OH",25,"2.99","05-08","21-25","1","1","0","1",NULL,"0"
"201912","OH",25,"2.99","13+","21-25","1","1","0","1",NULL,"0"
"201912","OR",12,"2.99","05-08","16-20","1","1","0","1",NULL,"0"
"201912","PA",20,"3.99","05-08","16-20","1","1","0","1",NULL,"0"
"201912","PA",20,"4.99","05-08","11-15","1","1","0","1",NULL,"0"
"201912","PA",20,"4.99","09-12","11-15","1","1","0","1",NULL,"0"
"201912","RI",20,"3.99","05-08","16-20","1","1","0","1",NULL,"0"
"201912","SC",20,"3.99","05-08","16-20","2","2","0","2",NULL,"0"
"201912","SC",25,"3.99","09-12","16-20","1","1","0","1",NULL,"0"
"201912","TX",10,"2.99","09-12","16-20","1","1","0","1",NULL,"0"
"201912","TX",15,"3.49","05-08","16-20","1","1","0","1",NULL,"0"
"201912","TX",15,"3.99","05-08","16-20","1","1","0","1",NULL,"0"
"201912","TX",15,"4.99","09-12","11-15","1","1","0","1",NULL,"0"
"201912","TX",20,"2.99","01-04","21-25","1","1","0","1",NULL,"0"
"201912","TX",20,"2.99","05-08","21-25","6","6","0","6",NULL,"0"
"201912","TX",20,"2.99","09-12","21-25","3","3","0","3",NULL,"0"
"201912","TX",20,"2.99","13+","21-25","2","2","0","2",NULL,"0"
"201912","TX",20,"3.99","01-04","16-20","3","3","0","3",NULL,"0"
"201912","TX",20,"3.99","05-08","16-20","14","14","0","14",NULL,"0"
"201912","TX",20,"3.99","05-08","16-20","14","14","001-030","1","14","7.14"
"201912","TX",20,"3.99","05-08","16-20","14","14","031-060","1","1","100.00"
"201912","TX",20,"3.99","09-12","16-20","7","7","0","7",NULL,"0"
"201912","TX",20,"3.99","13+","16-20","4","4","0","4",NULL,"0"
"201912","TX",20,"4.49","05-08","16-20","1","1","0","1",NULL,"0"
"201912","TX",20,"4.99","05-08","11-15","1","1","0","1",NULL,"0"
"201912","TX",20,"4.99","05-08","16-20","1","1","0","1",NULL,"0"
"201912","TX",20,"4.99","09-12","06-10","1","1","0","1",NULL,"0"
"201912","TX",20,"4.99","13+","11-15","1","1","0","1",NULL,"0"
"201912","TX",20,"5.99","13+","11-15","1","1","0","1",NULL,"0"
"201912","TX",25,"2.99","01-04","21-25","2","2","0","2",NULL,"0"
"201912","TX",25,"2.99","05-08","21-25","4","4","0","4",NULL,"0"
"201912","TX",25,"2.99","09-12","21-25","1","1","0","1",NULL,"0"
"201912","TX",25,"2.99","13+","21-25","1","1","0","1",NULL,"0"
"201912","TX",25,"3.99","01-04","16-20","1","1","0","1",NULL,"0"
"201912","TX",25,"3.99","05-08","16-20","2","2","0","2",NULL,"0"
"201912","TX",25,"4.49","05-08","16-20","2","2","0","2",NULL,"0"
"201912","TX",25,"4.49","09-12","16-20","1","1","0","1",NULL,"0"
"201912","TX",25,"4.99","05-08","11-15","2","2","0","2",NULL,"0"
"201912","UT",20,"2.99","05-08","21-25","2","2","0","2",NULL,"0"
"201912","UT",20,"2.99","09-12","21-25","1","1","0","1",NULL,"0"
"201912","UT",20,"3.99","01-04","16-20","1","1","0","1",NULL,"0"
"201912","UT",20,"3.99","05-08","16-20","5","5","0","5",NULL,"0"
"201912","UT",20,"3.99","09-12","16-20","2","2","0","2",NULL,"0"
"201912","UT",20,"4.99","01-04","11-15","1","1","0","1",NULL,"0"
"201912","UT",20,"4.99","09-12","11-15","1","1","0","1",NULL,"0"
"201912","UT",20,"5.99","05-08","06-10","1","1","0","1",NULL,"0"
"201912","UT",25,"2.99","05-08","21-25","1","1","0","1",NULL,"0"
"201912","UT",25,"3.99","01-04","16-20","2","2","0","2",NULL,"0"
"201912","UT",25,"3.99","05-08","16-20","1","1","0","1",NULL,"0"
"201912","VA",20,"3.99","05-08","16-20","3","3","0","3",NULL,"0"
"201912","VA",20,"3.99","09-12","16-20","1","1","0","1",NULL,"0"
"201912","VA",20,"5.99","01-04","06-10","1","1","0","1",NULL,"0"
"201912","VA",20,"5.99","05-08","06-10","3","3","0","3",NULL,"0"
"201912","VA",25,"3.99","05-08","21-25","2","2","0","2",NULL,"0"
"201912","VA",25,"3.99","09-12","21-25","1","1","0","1",NULL,"0"
"201912","WA",25,"2.99","13+","21-25","1","1","0","1",NULL,"0"
"201912","WI",12,"3.49","01-04","16-20","1","1","0","1",NULL,"0"
"201912","WI",12,"3.49","05-08","16-20","1","1","0","1",NULL,"0"
"202001","AR",25,"2.99","05-08","21-25","1","1","0","1",NULL,"0"
"202001","AZ",12,"2.99","09-12","16-20","1","1","0","1",NULL,"0"
"202001","AZ",20,"2.99","09-12","16-20","3","3","0","3",NULL,"0"
"202001","AZ",20,"2.99","09-12","21-25","2","2","0","2",NULL,"0"
"202001","AZ",20,"2.99","13+","21-25","1","1","0","1",NULL,"0"
"202001","AZ",20,"3.99","05-08","16-20","2","2","0","2",NULL,"0"
"202001","AZ",20,"3.99","09-12","16-20","4","4","0","4",NULL,"0"
"202001","AZ",20,"3.99","09-12","26+","2","2","0","2",NULL,"0"
"202001","AZ",20,"4.99","09-12","11-15","1","1","0","1",NULL,"0"
"202001","AZ",20,"5.99","05-08","11-15","1","1","0","1",NULL,"0"
"202001","AZ",25,"2.99","01-04","21-25","1","1","0","1",NULL,"0"
"202001","AZ",25,"2.99","05-08","21-25","7","7","0","7",NULL,"0"
"202001","AZ",25,"2.99","09-12","21-25","4","4","0","4",NULL,"0"
"202001","AZ",25,"2.99","13+","21-25","4","4","0","4",NULL,"0"
"202001","AZ",25,"3.99","01-04","16-20","1","1","0","1",NULL,"0"
"202001","AZ",25,"3.99","05-08","16-20","4","4","0","4",NULL,"0"
"202001","AZ",25,"3.99","09-12","16-20","1","1","0","1",NULL,"0"
"202001","CA",10,"2.99","01-04","11-15","1","1","0","1",NULL,"0"
"202001","CA",10,"2.99","05-08","11-15","1","1","0","1",NULL,"0"
"202001","CA",10,"2.99","09-12","11-15","1","1","0","1",NULL,"0"
"202001","CA",10,"3.99","01-04","06-10","2","2","0","2",NULL,"0"
"202001","CA",10,"3.99","05-08","06-10","5","5","0","5",NULL,"0"
"202001","CA",10,"3.99","09-12","06-10","1","1","0","1",NULL,"0"
"202001","CA",15,"3.99","05-08","16-20","1","1","0","1",NULL,"0"
"202001","CA",20,"2.99","01-04","21-25","4","4","0","4",NULL,"0"
"202001","CA",20,"2.99","05-08","21-25","3","3","0","3",NULL,"0"
"202001","CA",20,"2.99","09-12","16-20","1","1","0","1",NULL,"0"
"202001","CA",20,"2.99","09-12","21-25","3","3","0","3",NULL,"0"
"202001","CA",20,"3.99","01-04","16-20","4","4","0","4",NULL,"0"
"202001","CA",20,"3.99","05-08","16-20","9","9","0","9",NULL,"0"
"202001","CA",20,"3.99","09-12","16-20","2","2","0","2",NULL,"0"
"202001","CA",20,"4.99","01-04","06-10","1","1","0","1",NULL,"0"
"202001","CA",20,"4.99","05-08","06-10","3","3","0","3",NULL,"0"
"202001","CA",20,"4.99","13+","11-15","1","1","0","1",NULL,"0"
"202001","CA",20,"5.99","01-04","06-10","2","2","0","2",NULL,"0"
"202001","CA",20,"5.99","05-08","06-10","3","3","0","3",NULL,"0"
"202001","CA",20,"5.99","05-08","11-15","1","1","0","1",NULL,"0"
"202001","CA",20,"5.99","09-12","06-10","1","1","0","1",NULL,"0"
"202001","CA",20,"5.99","09-12","11-15","1","1","0","1",NULL,"0"
"202001","CA",25,"2.99","01-04","21-25","6","6","0","6",NULL,"0"
"202001","CA",25,"2.99","05-08","21-25","7","7","0","7",NULL,"0"
"202001","CA",25,"3.99","01-04","16-20","1","1","0","1",NULL,"0"
"202001","CA",25,"3.99","05-08","16-20","2","2","0","2",NULL,"0"
"202001","CA",25,"3.99","05-08","21-25","1","1","0","1",NULL,"0"
"202001","CA",25,"3.99","05-08","21-25","1","1","001-030","1","1","100.00"
"202001","CA",25,"6.99","05-08","06-10","1","1","0","1",NULL,"0"
"202001","CO",10,"3.99","05-08","06-10","1","1","0","1",NULL,"0"
"202001","CO",12,"2.99","01-04","16-20","2","2","0","2",NULL,"0"
"202001","CO",12,"2.99","05-08","16-20","1","1","0","1",NULL,"0"
"202001","CO",20,"2.99","05-08","21-25","1","1","0","1",NULL,"0"
"202001","CO",20,"2.99","09-12","21-25","2","2","0","2",NULL,"0"
"202001","CO",20,"3.99","01-04","16-20","1","1","0","1",NULL,"0"
"202001","CO",20,"3.99","05-08","16-20","1","1","0","1",NULL,"0"
"202001","CO",20,"3.99","09-12","16-20","3","3","0","3",NULL,"0"
"202001","CO",20,"3.99","13+","16-20","1","1","0","1",NULL,"0"
"202001","CO",20,"4.99","01-04","11-15","2","2","0","2",NULL,"0"
"202001","CO",20,"4.99","05-08","11-15","2","2","0","2",NULL,"0"
"202001","CO",25,"2.99","01-04","21-25","1","1","0","1",NULL,"0"
"202001","CO",25,"2.99","05-08","21-25","2","2","0","2",NULL,"0"
"202001","CO",25,"3.99","05-08","16-20","1","1","0","1",NULL,"0"
"202001","CT",20,"3.99","01-04","16-20","1","1","0","1",NULL,"0"
"202001","CT",20,"3.99","05-08","16-20","1","1","0","1",NULL,"0"
"202001","CT",20,"3.99","09-12","16-20","1","1","0","1",NULL,"0"
"202001","FL",20,"2.99","01-04","21-25","1","1","0","1",NULL,"0"
"202001","FL",20,"2.99","05-08","16-20","1","1","0","1",NULL,"0"
"202001","FL",20,"2.99","05-08","21-25","1","1","0","1",NULL,"0"
"202001","FL",20,"2.99","09-12","21-25","7","7","0","7",NULL,"0"
"202001","FL",20,"2.99","09-12","26+","1","1","0","1",NULL,"0"
"202001","FL",20,"3.99","05-08","16-20","1","1","0","1",NULL,"0"
"202001","FL",20,"3.99","09-12","16-20","10","10","0","10",NULL,"0"
"202001","FL",20,"3.99","13+","16-20","2","2","0","2",NULL,"0"
"202001","FL",20,"4.49","09-12","26+","1","1","0","1",NULL,"0"
"202001","FL",20,"4.99","09-12","11-15","1","1","0","1",NULL,"0"
"202001","FL",20,"4.99","13+","11-15","1","1","0","1",NULL,"0"
"202001","FL",25,"2.99","05-08","21-25","4","4","0","4",NULL,"0"
"202001","FL",25,"2.99","09-12","21-25","10","10","0","10",NULL,"0"
"202001","FL",25,"3.99","05-08","16-20","1","1","0","1",NULL,"0"
"202001","FL",25,"3.99","09-12","16-20","4","4","0","4",NULL,"0"
"202001","FL",25,"3.99","13+","21-25","1","1","0","1",NULL,"0"
"202001","FL",25,"4.49","09-12","16-20","1","1","0","1",NULL,"0"
"202001","FL",25,"4.99","05-08","16-20","1","1","0","1",NULL,"0"
"202001","ID",12,"3.49","01-04","16-20","1","1","0","1",NULL,"0"
"202001","ID",20,"3.99","05-08","16-20","2","2","0","2",NULL,"0"
"202001","ID",20,"3.99","13+","16-20","1","1","0","1",NULL,"0"
"202001","ID",25,"2.99","05-08","21-25","2","2","0","2",NULL,"0"
"202001","IL",20,"2.99","01-04","21-25","1","1","0","1",NULL,"0"
"202001","IL",20,"2.99","05-08","21-25","2","2","0","2",NULL,"0"
"202001","IL",20,"3.99","13+","16-20","1","1","0","1",NULL,"0"
"202001","IL",20,"4.99","09-12","11-15","1","1","0","1",NULL,"0"
"202001","IL",20,"5.99","05-08","06-10","1","1","0","1",NULL,"0"
"202001","IL",20,"5.99","09-12","06-10","1","1","0","1",NULL,"0"
"202001","KS",25,"2.99","09-12","21-25","1","1","0","1",NULL,"0"
"202001","MD",20,"3.99","05-08","16-20","1","1","0","1",NULL,"0"
"202001","MD",20,"3.99","09-12","16-20","3","3","0","3",NULL,"0"
"202001","MI",20,"3.99","01-04","16-20","1","1","0","1",NULL,"0"
"202001","MI",20,"3.99","05-08","16-20","2","2","0","2",NULL,"0"
"202001","MO",20,"3.99","05-08","16-20","1","1","0","1",NULL,"0"
"202001","MO",20,"3.99","09-12","16-20","1","1","0","1",NULL,"0"
"202001","NC",20,"3.99","05-08","16-20","3","3","0","3",NULL,"0"
"202001","NC",20,"3.99","09-12","16-20","2","2","0","2",NULL,"0"
"202001","NJ",10,"3.99","01-04","06-10","1","1","0","1",NULL,"0"
"202001","NJ",10,"3.99","05-08","06-10","1","1","0","1",NULL,"0"
"202001","NJ",10,"4.99","09-12","11-15","1","1","0","1",NULL,"0"
"202001","NJ",20,"3.99","09-12","16-20","1","1","0","1",NULL,"0"
"202001","NJ",20,"3.99","13+","16-20","1","1","0","1",NULL,"0"
"202001","NJ",25,"2.99","05-08","21-25","1","1","0","1",NULL,"0"
"202001","NJ",25,"2.99","13+","21-25","1","1","0","1",NULL,"0"
"202001","NM",20,"2.99","01-04","21-25","1","1","0","1",NULL,"0"
"202001","NM",20,"2.99","05-08","21-25","1","1","0","1",NULL,"0"
"202001","NM",20,"3.99","01-04","16-20","1","1","0","1",NULL,"0"
"202001","NM",20,"3.99","05-08","16-20","1","1","0","1",NULL,"0"
"202001","NM",25,"2.99","01-04","21-25","1","1","0","1",NULL,"0"
"202001","NM",25,"2.99","05-08","21-25","1","1","0","1",NULL,"0"
"202001","NV",10,"2.99","01-04","16-20","1","1","0","1",NULL,"0"
"202001","NV",20,"2.99","05-08","16-20","1","1","0","1",NULL,"0"
"202001","NV",20,"2.99","05-08","21-25","1","1","0","1",NULL,"0"
"202001","NV",20,"2.99","09-12","16-20","2","2","0","2",NULL,"0"
"202001","NV",20,"3.99","01-04","16-20","2","2","0","2",NULL,"0"
"202001","NV",20,"3.99","05-08","16-20","7","7","0","7",NULL,"0"
"202001","NV",20,"3.99","05-08","26+","2","2","0","2",NULL,"0"
"202001","NV",20,"3.99","09-12","16-20","1","1","0","1",NULL,"0"
"202001","NV",20,"4.99","05-08","11-15","1","1","0","1",NULL,"0"
"202001","NV",25,"2.99","05-08","21-25","5","5","0","5",NULL,"0"
"202001","NV",25,"3.99","05-08","16-20","5","5","0","5",NULL,"0"
"202001","NV",25,"4.49","13+","16-20","1","1","0","1",NULL,"0"
"202001","NV",25,"4.99","01-04","11-15","1","1","0","1",NULL,"0"
"202001","NV",25,"5.99","05-08","11-15","1","1","0","1",NULL,"0"
"202001","NY",10,"2.99","05-08","11-15","1","1","0","1",NULL,"0"
"202001","NY",20,"2.99","09-12","21-25","1","1","0","1",NULL,"0"
"202001","OH",20,"5.99","05-08","06-10","1","1","0","1",NULL,"0"
"202001","OH",20,"5.99","09-12","06-10","1","1","0","1",NULL,"0"
"202001","OH",25,"2.99","13+","21-25","1","1","0","1",NULL,"0"
"202001","OR",20,"3.99","05-08","16-20","1","1","0","1",NULL,"0"
"202001","PA",20,"3.99","05-08","16-20","1","1","0","1",NULL,"0"
"202001","PA",20,"3.99","09-12","16-20","1","1","0","1",NULL,"0"
"202001","PA",20,"4.99","05-08","11-15","1","1","0","1",NULL,"0"
"202001","PA",20,"5.99","05-08","06-10","1","1","0","1",NULL,"0"
"202001","SC",20,"3.99","09-12","16-20","2","2","0","2",NULL,"0"
"202001","TX",10,"2.99","09-12","11-15","1","1","0","1",NULL,"0"
"202001","TX",20,"2.99","01-04","21-25","5","5","0","5",NULL,"0"
"202001","TX",20,"2.99","05-08","16-20","1","1","0","1",NULL,"0"
"202001","TX",20,"2.99","05-08","21-25","2","2","0","2",NULL,"0"
"202001","TX",20,"2.99","09-12","21-25","5","5","0","5",NULL,"0"
"202001","TX",20,"2.99","13+","21-25","1","1","0","1",NULL,"0"
"202001","TX",20,"3.99","01-04","16-20","4","4","0","4",NULL,"0"
"202001","TX",20,"3.99","01-04","26+","1","1","0","1",NULL,"0"
"202001","TX",20,"3.99","05-08","16-20","10","10","0","10",NULL,"0"
"202001","TX",20,"3.99","05-08","26+","1","1","0","1",NULL,"0"
"202001","TX",20,"3.99","09-12","16-20","4","4","0","4",NULL,"0"
"202001","TX",20,"3.99","13+","16-20","1","1","0","1",NULL,"0"
"202001","TX",20,"4.99","01-04","11-15","1","1","0","1",NULL,"0"
"202001","TX",20,"4.99","05-08","26+","1","1","0","1",NULL,"0"
"202001","TX",20,"4.99","09-12","06-10","1","1","0","1",NULL,"0"
"202001","TX",20,"4.99","09-12","11-15","2","2","0","2",NULL,"0"
"202001","TX",20,"4.99","09-12","16-20","1","1","0","1",NULL,"0"
"202001","TX",20,"4.99","13+","06-10","1","1","0","1",NULL,"0"
"202001","TX",20,"5.99","05-08","06-10","1","1","0","1",NULL,"0"
"202001","TX",20,"5.99","05-08","11-15","3","3","0","3",NULL,"0"
"202001","TX",20,"5.99","05-08","11-15","3","3","001-030","1","3","33.33"
"202001","TX",20,"5.99","13+","11-15","1","1","0","1",NULL,"0"
"202001","TX",25,"2.99","01-04","21-25","4","4","0","4",NULL,"0"
"202001","TX",25,"2.99","05-08","21-25","8","8","0","8",NULL,"0"
"202001","TX",25,"2.99","09-12","21-25","2","2","0","2",NULL,"0"
"202001","TX",25,"3.99","01-04","16-20","1","1","0","1",NULL,"0"
"202001","TX",25,"3.99","05-08","16-20","2","2","0","2",NULL,"0"
"202001","TX",25,"3.99","09-12","16-20","1","1","0","1",NULL,"0"
"202001","TX",25,"4.99","05-08","11-15","1","1","0","1",NULL,"0"
"202001","TX",25,"4.99","13+","11-15","1","1","0","1",NULL,"0"
"202001","TX",25,"5.99","01-04","06-10","1","1","0","1",NULL,"0"
"202001","TX",25,"5.99","09-12","06-10","1","1","0","1",NULL,"0"
"202001","UT",10,"2.99","05-08","16-20","1","1","0","1",NULL,"0"
"202001","UT",15,"4.99","05-08","11-15","1","1","0","1",NULL,"0"
"202001","UT",20,"2.99","05-08","21-25","4","4","0","4",NULL,"0"
"202001","UT",20,"3.99","01-04","16-20","1","1","0","1",NULL,"0"
"202001","UT",20,"3.99","05-08","16-20","5","5","0","5",NULL,"0"
"202001","UT",25,"2.99","01-04","21-25","2","2","0","2",NULL,"0"
"202001","UT",25,"2.99","05-08","21-25","2","2","0","2",NULL,"0"
"202001","UT",25,"2.99","09-12","21-25","1","1","0","1",NULL,"0"
"202001","UT",25,"3.99","05-08","16-20","1","1","0","1",NULL,"0"
"202001","UT",25,"3.99","09-12","16-20","1","1","0","1",NULL,"0"
"202001","UT",25,"6.99","09-12","01-05","1","1","0","1",NULL,"0"
"202001","VA",20,"2.99","13+","21-25","1","1","0","1",NULL,"0"
"202001","VA",20,"3.99","01-04","16-20","1","1","0","1",NULL,"0"
"202001","VA",20,"3.99","01-04","26+","1","1","0","1",NULL,"0"
"202001","VA",20,"3.99","05-08","16-20","4","4","0","4",NULL,"0"
"202001","VA",20,"3.99","09-12","16-20","4","4","0","4",NULL,"0"
"202001","WA",25,"2.99","05-08","21-25","1","1","0","1",NULL,"0"
"202001","WI",20,"3.99","13+","16-20","1","1","0","1",NULL,"0"
"202002","AR",25,"2.99","09-12","21-25","1","1","0","1",NULL,"0"
"202002","AZ",10,"2.99","01-04","11-15","1","1","0","1",NULL,"0"
"202002","AZ",12,"3.99","05-08","16-20","1","1","0","1",NULL,"0"
"202002","AZ",20,"2.99","05-08","16-20","1","1","0","1",NULL,"0"
"202002","AZ",20,"2.99","05-08","21-25","3","3","0","3",NULL,"0"
"202002","AZ",20,"2.99","09-12","16-20","1","1","0","1",NULL,"0"
"202002","AZ",20,"2.99","09-12","21-25","3","3","0","3",NULL,"0"
"202002","AZ",20,"2.99","13+","21-25","1","1","0","1",NULL,"0"
"202002","AZ",20,"3.99","05-08","16-20","5","5","0","5",NULL,"0"
"202002","AZ",20,"3.99","05-08","26+","2","2","0","2",NULL,"0"
"202002","AZ",20,"5.99","05-08","11-15","1","1","0","1",NULL,"0"
"202002","AZ",25,"2.99","05-08","21-25","6","6","0","6",NULL,"0"
"202002","AZ",25,"2.99","13+","21-25","2","2","0","2",NULL,"0"
"202002","AZ",25,"3.99","05-08","16-20","2","2","0","2",NULL,"0"
"202002","AZ",25,"4.49","13+","16-20","1","1","0","1",NULL,"0"
"202002","CA",10,"2.99","05-08","11-15","2","2","0","2",NULL,"0"
"202002","CA",10,"2.99","05-08","16-20","1","1","0","1",NULL,"0"
"202002","CA",10,"2.99","09-12","11-15","1","1","0","1",NULL,"0"
"202002","CA",10,"3.99","01-04","06-10","1","1","0","1",NULL,"0"
"202002","CA",10,"3.99","05-08","06-10","1","1","0","1",NULL,"0"
"202002","CA",12,"2.99","05-08","16-20","1","1","0","1",NULL,"0"
"202002","CA",15,"3.49","05-08","16-20","1","1","0","1",NULL,"0"
"202002","CA",20,"2.99","01-04","21-25","1","1","0","1",NULL,"0"
"202002","CA",20,"2.99","05-08","16-20","3","3","0","3",NULL,"0"
"202002","CA",20,"2.99","05-08","21-25","2","2","0","2",NULL,"0"
"202002","CA",20,"2.99","05-08","26+","1","1","0","1",NULL,"0"
"202002","CA",20,"2.99","09-12","21-25","1","1","0","1",NULL,"0"
"202002","CA",20,"2.99","13+","21-25","1","1","0","1",NULL,"0"
"202002","CA",20,"3.99","01-04","16-20","1","1","0","1",NULL,"0"
"202002","CA",20,"3.99","05-08","16-20","6","6","0","6",NULL,"0"
"202002","CA",20,"3.99","09-12","16-20","2","2","0","2",NULL,"0"
"202002","CA",20,"4.49","05-08","16-20","1","1","0","1",NULL,"0"
"202002","CA",20,"4.99","01-04","06-10","3","3","0","3",NULL,"0"
"202002","CA",20,"4.99","05-08","06-10","6","6","0","6",NULL,"0"
"202002","CA",20,"4.99","05-08","11-15","3","3","0","3",NULL,"0"
"202002","CA",20,"4.99","05-08","26+","2","2","0","2",NULL,"0"
"202002","CA",20,"4.99","09-12","06-10","1","1","0","1",NULL,"0"
"202002","CA",20,"4.99","09-12","16-20","1","1","0","1",NULL,"0"
"202002","CA",20,"4.99","09-12","26+","1","1","0","1",NULL,"0"
"202002","CA",20,"5.99","01-04","06-10","1","1","0","1",NULL,"0"
"202002","CA",20,"5.99","05-08","06-10","3","3","0","3",NULL,"0"
"202002","CA",20,"5.99","05-08","11-15","2","2","0","2",NULL,"0"
"202002","CA",20,"5.99","09-12","06-10","1","1","0","1",NULL,"0"
"202002","CA",20,"5.99","13+","06-10","1","1","0","1",NULL,"0"
"202002","CA",25,"2.99","01-04","21-25","2","2","0","2",NULL,"0"
"202002","CA",25,"2.99","05-08","21-25","9","9","0","9",NULL,"0"
"202002","CA",25,"2.99","09-12","21-25","1","1","0","1",NULL,"0"
"202002","CA",25,"3.99","05-08","16-20","2","2","0","2",NULL,"0"
"202002","CA",25,"3.99","09-12","16-20","1","1","0","1",NULL,"0"
"202002","CA",25,"4.99","05-08","11-15","1","1","0","1",NULL,"0"
"202002","CA",25,"6.99","01-04","01-05","1","1","0","1",NULL,"0"
"202002","CO",10,"2.99","05-08","16-20","1","1","0","1",NULL,"0"
"202002","CO",20,"2.99","09-12","16-20","1","1","0","1",NULL,"0"
"202002","CO",20,"3.99","05-08","16-20","2","2","0","2",NULL,"0"
"202002","CO",20,"4.99","05-08","06-10","1","1","0","1",NULL,"0"
"202002","CO",25,"2.99","01-04","21-25","2","2","0","2",NULL,"0"
"202002","CO",25,"2.99","05-08","21-25","1","1","0","1",NULL,"0"
"202002","CO",25,"2.99","09-12","21-25","1","1","0","1",NULL,"0"
"202002","CO",25,"3.99","01-04","16-20","1","1","0","1",NULL,"0"
"202002","FL",20,"2.99","05-08","16-20","1","1","0","1",NULL,"0"
"202002","FL",20,"2.99","05-08","21-25","2","2","0","2",NULL,"0"
"202002","FL",20,"2.99","09-12","16-20","1","1","0","1",NULL,"0"
"202002","FL",20,"2.99","09-12","21-25","1","1","0","1",NULL,"0"
"202002","FL",20,"2.99","13+","21-25","1","1","0","1",NULL,"0"
"202002","FL",20,"3.99","05-08","16-20","1","1","0","1",NULL,"0"
"202002","FL",20,"3.99","09-12","16-20","2","2","0","2",NULL,"0"
"202002","FL",20,"4.99","05-08","11-15","1","1","0","1",NULL,"0"
"202002","FL",20,"4.99","13+","06-10","1","1","0","1",NULL,"0"
"202002","FL",20,"5.99","09-12","11-15","1","1","0","1",NULL,"0"
"202002","FL",25,"2.99","05-08","21-25","7","7","0","7",NULL,"0"
"202002","FL",25,"2.99","09-12","21-25","6","6","0","6",NULL,"0"
"202002","FL",25,"2.99","13+","21-25","1","1","0","1",NULL,"0"
"202002","FL",25,"3.99","05-08","16-20","1","1","0","1",NULL,"0"
"202002","FL",25,"3.99","09-12","16-20","2","2","0","2",NULL,"0"
"202002","FL",25,"4.49","05-08","16-20","1","1","0","1",NULL,"0"
"202002","FL",25,"4.49","09-12","16-20","1","1","0","1",NULL,"0"
"202002","ID",20,"3.99","05-08","16-20","2","2","0","2",NULL,"0"
"202002","IL",20,"3.99","05-08","16-20","2","2","0","2",NULL,"0"
"202002","IL",20,"5.99","05-08","06-10","1","1","0","1",NULL,"0"
"202002","IL",25,"2.99","05-08","21-25","1","1","0","1",NULL,"0"
"202002","IL",25,"2.99","09-12","21-25","1","1","0","1",NULL,"0"
"202002","MA",10,"2.99","01-04","11-15","1","1","0","1",NULL,"0"
"202002","MA",15,"3.99","13+","16-20","1","1","0","1",NULL,"0"
"202002","MA",20,"5.99","05-08","06-10","1","1","0","1",NULL,"0"
"202002","MD",10,"2.99","01-04","11-15","1","1","0","1",NULL,"0"
"202002","MD",20,"3.99","09-12","16-20","1","1","0","1",NULL,"0"
"202002","MD",20,"3.99","13+","16-20","1","1","0","1",NULL,"0"
"202002","MD",25,"6.99","09-12","06-10","1","1","0","1",NULL,"0"
"202002","MI",20,"3.99","01-04","16-20","1","1","0","1",NULL,"0"
"202002","MI",20,"3.99","05-08","16-20","5","5","0","5",NULL,"0"
"202002","MI",20,"3.99","13+","16-20","1","1","0","1",NULL,"0"
"202002","MI",20,"5.99","05-08","06-10","2","2","0","2",NULL,"0"
"202002","MO",20,"3.99","01-04","16-20","1","1","0","1",NULL,"0"
"202002","MO",20,"5.99","05-08","06-10","1","1","0","1",NULL,"0"
"202002","NC",20,"3.99","01-04","16-20","1","1","0","1",NULL,"0"
"202002","NC",20,"3.99","05-08","16-20","3","3","0","3",NULL,"0"
"202002","NC",20,"3.99","09-12","16-20","1","1","0","1",NULL,"0"
"202002","NC",20,"5.99","05-08","06-10","1","1","0","1",NULL,"0"
"202002","NC",25,"2.99","01-04","21-25","2","2","0","2",NULL,"0"
"202002","NC",25,"2.99","09-12","21-25","1","1","0","1",NULL,"0"
"202002","NJ",25,"2.99","05-08","21-25","1","1","0","1",NULL,"0"
"202002","NM",10,"3.99","01-04","06-10","1","1","0","1",NULL,"0"
"202002","NM",20,"2.99","09-12","21-25","1","1","0","1",NULL,"0"
"202002","NM",20,"3.99","01-04","16-20","2","2","0","2",NULL,"0"
"202002","NM",20,"3.99","05-08","26+","1","1","0","1",NULL,"0"
"202002","NM",25,"2.99","05-08","21-25","1","1","0","1",NULL,"0"
"202002","NM",25,"2.99","13+","21-25","1","1","0","1",NULL,"0"
"202002","NV",12,"2.99","09-12","16-20","1","1","0","1",NULL,"0"
"202002","NV",20,"2.99","05-08","16-20","1","1","0","1",NULL,"0"
"202002","NV",20,"2.99","05-08","26+","1","1","0","1",NULL,"0"
"202002","NV",20,"3.99","01-04","16-20","2","2","0","2",NULL,"0"
"202002","NV",20,"3.99","05-08","16-20","5","5","0","5",NULL,"0"
"202002","NV",20,"3.99","09-12","16-20","1","1","0","1",NULL,"0"
"202002","NV",20,"3.99","13+","16-20","2","2","0","2",NULL,"0"
"202002","NV",20,"4.99","05-08","06-10","1","1","0","1",NULL,"0"
"202002","NV",25,"2.99","01-04","21-25","1","1","0","1",NULL,"0"
"202002","NV",25,"2.99","05-08","21-25","2","2","0","2",NULL,"0"
"202002","NV",25,"2.99","09-12","21-25","2","2","0","2",NULL,"0"
"202002","NV",25,"3.99","05-08","16-20","1","1","0","1",NULL,"0"
"202002","NV",25,"3.99","09-12","16-20","2","2","0","2",NULL,"0"
"202002","NV",25,"4.99","05-08","11-15","1","1","0","1",NULL,"0"
"202002","OH",20,"3.99","09-12","16-20","1","1","0","1",NULL,"0"
"202002","OH",25,"2.99","05-08","21-25","1","1","0","1",NULL,"0"
"202002","OK",25,"2.99","05-08","21-25","1","1","0","1",NULL,"0"
"202002","OK",25,"2.99","13+","21-25","2","2","0","2",NULL,"0"
"202002","PA",20,"4.99","09-12","11-15","2","2","0","2",NULL,"0"
"202002","PA",20,"4.99","13+","11-15","1","1","0","1",NULL,"0"
"202002","PA",25,"2.99","05-08","21-25","1","1","0","1",NULL,"0"
"202002","SC",20,"3.99","05-08","16-20","1","1","0","1",NULL,"0"
"202002","TX",10,"2.99","09-12","16-20","1","1","0","1",NULL,"0"
"202002","TX",20,"2.99","05-08","16-20","1","1","0","1",NULL,"0"
"202002","TX",20,"2.99","05-08","21-25","3","3","0","3",NULL,"0"
"202002","TX",20,"2.99","09-12","21-25","2","2","0","2",NULL,"0"
"202002","TX",20,"2.99","13+","16-20","1","1","0","1",NULL,"0"
"202002","TX",20,"2.99","13+","21-25","2","2","0","2",NULL,"0"
"202002","TX",20,"3.99","01-04","16-20","2","2","0","2",NULL,"0"
"202002","TX",20,"3.99","01-04","26+","1","1","0","1",NULL,"0"
"202002","TX",20,"3.99","05-08","16-20","6","6","0","6",NULL,"0"
"202002","TX",20,"3.99","05-08","26+","3","3","0","3",NULL,"0"
"202002","TX",20,"3.99","09-12","16-20","1","1","0","1",NULL,"0"
"202002","TX",20,"3.99","13+","16-20","3","3","0","3",NULL,"0"
"202002","TX",20,"4.99","05-08","16-20","1","1","0","1",NULL,"0"
"202002","TX",20,"4.99","09-12","26+","1","1","0","1",NULL,"0"
"202002","TX",20,"5.99","05-08","11-15","1","1","0","1",NULL,"0"
"202002","TX",20,"5.99","09-12","26+","1","1","0","1",NULL,"0"
"202002","TX",20,"5.99","13+","06-10","1","1","0","1",NULL,"0"
"202002","TX",25,"2.99","05-08","21-25","4","4","0","4",NULL,"0"
"202002","TX",25,"2.99","09-12","21-25","9","9","0","9",NULL,"0"
"202002","TX",25,"2.99","13+","21-25","6","6","0","6",NULL,"0"
"202002","TX",25,"3.99","01-04","16-20","1","1","0","1",NULL,"0"
"202002","TX",25,"3.99","05-08","16-20","4","4","0","4",NULL,"0"
"202002","TX",25,"3.99","05-08","21-25","2","2","0","2",NULL,"0"
"202002","TX",25,"3.99","09-12","16-20","1","1","0","1",NULL,"0"
"202002","TX",25,"4.49","05-08","16-20","1","1","0","1",NULL,"0"
"202002","TX",25,"4.99","05-08","16-20","1","1","0","1",NULL,"0"
"202002","TX",25,"4.99","09-12","11-15","1","1","0","1",NULL,"0"
"202002","TX",25,"4.99","13+","11-15","2","2","0","2",NULL,"0"
"202002","TX",25,"5.99","05-08","06-10","1","1","0","1",NULL,"0"
"202002","UT",20,"2.99","01-04","21-25","1","1","0","1",NULL,"0"
"202002","UT",20,"2.99","09-12","21-25","1","1","0","1",NULL,"0"
"202002","UT",20,"3.99","01-04","16-20","1","1","0","1",NULL,"0"
"202002","UT",20,"3.99","05-08","16-20","1","1","0","1",NULL,"0"
"202002","UT",25,"2.99","05-08","21-25","4","4","0","4",NULL,"0"
"202002","VA",20,"3.99","01-04","16-20","1","1","0","1",NULL,"0"
"202002","VA",20,"3.99","05-08","16-20","1","1","0","1",NULL,"0"
"202002","VA",20,"3.99","09-12","16-20","3","3","0","3",NULL,"0"
"202002","VA",25,"5.99","05-08","11-15","1","1","0","1",NULL,"0"
"202002","WA",25,"2.99","05-08","21-25","1","1","0","1",NULL,"0"
"202002","WA",25,"2.99","09-12","21-25","1","1","0","1",NULL,"0"
"202003","AR",25,"2.99","01-04","21-25","1","0","0","0",NULL,"0"
"202003","AR",25,"2.99","05-08","21-25","2","0","0","0",NULL,"0"
"202003","AZ",20,"2.99","05-08","16-20","2","0","0","0",NULL,"0"
"202003","AZ",20,"2.99","05-08","21-25","2","0","0","0",NULL,"0"
"202003","AZ",20,"2.99","09-12","16-20","1","0","0","0",NULL,"0"
"202003","AZ",20,"2.99","09-12","21-25","1","0","0","0",NULL,"0"
"202003","AZ",20,"3.99","09-12","16-20","3","0","0","0",NULL,"0"
"202003","AZ",25,"2.99","01-04","21-25","1","0","0","0",NULL,"0"
"202003","AZ",25,"2.99","05-08","21-25","9","0","0","0",NULL,"0"
"202003","AZ",25,"2.99","09-12","21-25","6","0","0","0",NULL,"0"
"202003","AZ",25,"2.99","13+","21-25","5","0","0","0",NULL,"0"
"202003","AZ",25,"3.99","05-08","16-20","2","0","0","0",NULL,"0"
"202003","AZ",25,"3.99","09-12","16-20","4","0","0","0",NULL,"0"
"202003","CA",10,"2.99","01-04","11-15","2","0","0","0",NULL,"0"
"202003","CA",10,"2.99","05-08","11-15","2","0","0","0",NULL,"0"
"202003","CA",10,"2.99","09-12","11-15","1","0","0","0",NULL,"0"
"202003","CA",10,"3.99","01-04","06-10","1","0","0","0",NULL,"0"
"202003","CA",12,"2.99","05-08","16-20","3","0","0","0",NULL,"0"
"202003","CA",20,"2.99","01-04","21-25","2","0","0","0",NULL,"0"
"202003","CA",20,"2.99","05-08","21-25","5","0","0","0",NULL,"0"
"202003","CA",20,"2.99","13+","21-25","2","0","0","0",NULL,"0"
"202003","CA",20,"3.99","05-08","16-20","8","0","0","0",NULL,"0"
"202003","CA",20,"3.99","09-12","16-20","1","0","0","0",NULL,"0"
"202003","CA",20,"4.49","05-08","16-20","1","0","0","0",NULL,"0"
"202003","CA",20,"4.99","01-04","06-10","3","0","0","0",NULL,"0"
"202003","CA",20,"4.99","01-04","11-15","1","0","0","0",NULL,"0"
"202003","CA",20,"4.99","05-08","06-10","8","0","0","0",NULL,"0"
"202003","CA",20,"4.99","09-12","06-10","2","0","0","0",NULL,"0"
"202003","CA",25,"2.99","01-04","21-25","4","0","0","0",NULL,"0"
"202003","CA",25,"2.99","05-08","21-25","13","0","0","0",NULL,"0"
"202003","CA",25,"3.99","05-08","16-20","3","0","0","0",NULL,"0"
"202003","CA",25,"3.99","05-08","21-25","2","0","0","0",NULL,"0"
"202003","CA",25,"6.99","01-04","06-10","2","0","0","0",NULL,"0"
"202003","CA",25,"6.99","05-08","06-10","1","0","0","0",NULL,"0"
"202003","CA",25,"6.99","09-12","06-10","1","0","0","0",NULL,"0"
"202003","CO",10,"2.99","01-04","11-15","1","0","0","0",NULL,"0"
"202003","CO",10,"2.99","05-08","11-15","1","0","0","0",NULL,"0"
"202003","CO",12,"2.99","01-04","16-20","1","0","0","0",NULL,"0"
"202003","CO",20,"2.99","01-04","21-25","2","0","0","0",NULL,"0"
"202003","CO",20,"3.99","05-08","16-20","4","0","0","0",NULL,"0"
"202003","CO",20,"3.99","09-12","16-20","2","0","0","0",NULL,"0"
"202003","CO",20,"4.99","09-12","11-15","1","0","0","0",NULL,"0"
"202003","CO",25,"2.99","01-04","21-25","2","0","0","0",NULL,"0"
"202003","CO",25,"2.99","05-08","21-25","5","0","0","0",NULL,"0"
"202003","CO",25,"2.99","09-12","21-25","1","0","0","0",NULL,"0"
"202003","CO",25,"2.99","13+","21-25","1","0","0","0",NULL,"0"
"202003","CO",25,"5.99","01-04","06-10","1","0","0","0",NULL,"0"
"202003","CO",25,"5.99","05-08","06-10","1","0","0","0",NULL,"0"
"202003","CT",10,"2.99","05-08","16-20","1","0","0","0",NULL,"0"
"202003","FL",10,"2.99","05-08","16-20","1","0","0","0",NULL,"0"
"202003","FL",10,"2.99","13+","16-20","2","0","0","0",NULL,"0"
"202003","FL",20,"2.99","05-08","16-20","1","0","0","0",NULL,"0"
"202003","FL",20,"2.99","05-08","21-25","2","0","0","0",NULL,"0"
"202003","FL",20,"2.99","09-12","21-25","4","0","0","0",NULL,"0"
"202003","FL",20,"2.99","09-12","26+","1","0","0","0",NULL,"0"
"202003","FL",20,"2.99","13+","21-25","1","0","0","0",NULL,"0"
"202003","FL",20,"3.99","05-08","16-20","2","0","0","0",NULL,"0"
"202003","FL",20,"3.99","09-12","16-20","7","0","0","0",NULL,"0"
"202003","FL",20,"3.99","09-12","26+","1","0","0","0",NULL,"0"
"202003","FL",20,"3.99","13+","16-20","1","0","0","0",NULL,"0"
"202003","FL",20,"4.49","09-12","16-20","1","0","0","0",NULL,"0"
"202003","FL",25,"2.99","01-04","21-25","3","0","0","0",NULL,"0"
"202003","FL",25,"2.99","05-08","21-25","6","0","0","0",NULL,"0"
"202003","FL",25,"2.99","09-12","21-25","10","0","0","0",NULL,"0"
"202003","FL",25,"2.99","13+","21-25","1","0","0","0",NULL,"0"
"202003","FL",25,"3.99","05-08","21-25","2","0","0","0",NULL,"0"
"202003","FL",25,"3.99","09-12","16-20","2","0","0","0",NULL,"0"
"202003","FL",25,"3.99","13+","16-20","1","0","0","0",NULL,"0"
"202003","FL",25,"4.49","09-12","16-20","1","0","0","0",NULL,"0"
"202003","FL",25,"4.99","09-12","11-15","1","0","0","0",NULL,"0"
"202003","ID",25,"2.99","01-04","21-25","2","0","0","0",NULL,"0"
"202003","ID",25,"2.99","05-08","21-25","1","0","0","0",NULL,"0"
"202003","IL",20,"2.99","05-08","21-25","1","0","0","0",NULL,"0"
"202003","IL",20,"3.99","09-12","16-20","1","0","0","0",NULL,"0"
"202003","IL",25,"2.99","05-08","21-25","2","0","0","0",NULL,"0"
"202003","IL",25,"2.99","09-12","21-25","1","0","0","0",NULL,"0"
"202003","IN",20,"3.99","01-04","16-20","2","0","0","0",NULL,"0"
"202003","IN",20,"3.99","05-08","16-20","1","0","0","0",NULL,"0"
"202003","IN",20,"5.99","05-08","06-10","1","0","0","0",NULL,"0"
"202003","KS",20,"3.99","09-12","16-20","1","0","0","0",NULL,"0"
"202003","KS",25,"2.99","05-08","21-25","1","0","0","0",NULL,"0"
"202003","MD",20,"3.99","09-12","16-20","1","0","0","0",NULL,"0"
"202003","MD",20,"3.99","13+","16-20","2","0","0","0",NULL,"0"
"202003","MD",20,"4.99","09-12","06-10","1","0","0","0",NULL,"0"
"202003","MI",20,"3.99","01-04","16-20","2","0","0","0",NULL,"0"
"202003","MI",20,"3.99","05-08","16-20","1","0","0","0",NULL,"0"
"202003","MI",20,"3.99","09-12","16-20","1","0","0","0",NULL,"0"
"202003","MI",25,"2.99","09-12","21-25","1","0","0","0",NULL,"0"
"202003","MO",15,"3.49","05-08","16-20","1","0","0","0",NULL,"0"
"202003","MO",20,"3.99","09-12","16-20","2","0","0","0",NULL,"0"
"202003","MO",25,"3.99","05-08","16-20","1","0","0","0",NULL,"0"
"202003","NC",10,"2.99","09-12","16-20","1","0","0","0",NULL,"0"
"202003","NC",20,"3.99","01-04","16-20","1","0","0","0",NULL,"0"
"202003","NC",20,"3.99","05-08","16-20","2","0","0","0",NULL,"0"
"202003","NC",20,"5.99","01-04","06-10","1","0","0","0",NULL,"0"
"202003","NC",25,"2.99","01-04","21-25","1","0","0","0",NULL,"0"
"202003","NC",25,"2.99","05-08","21-25","4","0","0","0",NULL,"0"
"202003","NC",25,"2.99","09-12","21-25","3","0","0","0",NULL,"0"
"202003","NC",25,"2.99","13+","21-25","1","0","0","0",NULL,"0"
"202003","NC",25,"3.99","01-04","16-20","1","0","0","0",NULL,"0"
"202003","NJ",10,"2.99","05-08","16-20","1","0","0","0",NULL,"0"
"202003","NJ",10,"2.99","09-12","11-15","1","0","0","0",NULL,"0"
"202003","NM",20,"2.99","05-08","21-25","1","0","0","0",NULL,"0"
"202003","NM",20,"2.99","09-12","21-25","2","0","0","0",NULL,"0"
"202003","NM",20,"3.99","05-08","26+","1","0","0","0",NULL,"0"
"202003","NM",20,"3.99","09-12","16-20","2","0","0","0",NULL,"0"
"202003","NM",25,"2.99","05-08","21-25","1","0","0","0",NULL,"0"
"202003","NM",25,"2.99","09-12","21-25","1","0","0","0",NULL,"0"
"202003","NV",20,"2.99","01-04","16-20","1","0","0","0",NULL,"0"
"202003","NV",20,"2.99","05-08","16-20","2","0","0","0",NULL,"0"
"202003","NV",20,"2.99","05-08","21-25","2","0","0","0",NULL,"0"
"202003","NV",20,"2.99","05-08","26+","1","0","0","0",NULL,"0"
"202003","NV",20,"2.99","09-12","16-20","1","0","0","0",NULL,"0"
"202003","NV",20,"2.99","09-12","21-25","1","0","0","0",NULL,"0"
"202003","NV",20,"3.99","01-04","16-20","1","0","0","0",NULL,"0"
"202003","NV",20,"3.99","05-08","26+","1","0","0","0",NULL,"0"
"202003","NV",20,"3.99","09-12","16-20","1","0","0","0",NULL,"0"
"202003","NV",20,"4.99","09-12","06-10","1","0","0","0",NULL,"0"
"202003","NV",20,"5.99","05-08","26+","1","0","0","0",NULL,"0"
"202003","NV",25,"2.99","01-04","21-25","3","0","0","0",NULL,"0"
"202003","NV",25,"2.99","05-08","21-25","12","0","0","0",NULL,"0"
"202003","NV",25,"2.99","09-12","21-25","4","0","0","0",NULL,"0"
"202003","NV",25,"2.99","13+","21-25","3","0","0","0",NULL,"0"
"202003","NV",25,"3.99","05-08","16-20","1","0","0","0",NULL,"0"
"202003","NV",25,"3.99","09-12","16-20","2","0","0","0",NULL,"0"
"202003","NY",10,"2.99","05-08","11-15","1","0","0","0",NULL,"0"
"202003","NY",15,"3.99","01-04","16-20","1","0","0","0",NULL,"0"
"202003","OH",20,"3.99","01-04","16-20","1","0","0","0",NULL,"0"
"202003","OH",20,"3.99","05-08","16-20","3","0","0","0",NULL,"0"
"202003","OR",25,"2.99","01-04","21-25","2","0","0","0",NULL,"0"
"202003","OR",25,"2.99","05-08","21-25","3","0","0","0",NULL,"0"
"202003","OR",25,"2.99","09-12","21-25","1","0","0","0",NULL,"0"
"202003","PA",20,"3.99","09-12","16-20","1","0","0","0",NULL,"0"
"202003","PA",20,"3.99","13+","16-20","2","0","0","0",NULL,"0"
"202003","RI",20,"3.99","09-12","16-20","1","0","0","0",NULL,"0"
"202003","SC",20,"3.99","01-04","16-20","2","0","0","0",NULL,"0"
"202003","SC",20,"3.99","05-08","16-20","1","0","0","0",NULL,"0"
"202003","SC",25,"2.99","05-08","21-25","1","0","0","0",NULL,"0"
"202003","SC",25,"2.99","09-12","21-25","1","0","0","0",NULL,"0"
"202003","TX",10,"2.99","05-08","11-15","1","0","0","0",NULL,"0"
"202003","TX",20,"2.99","01-04","16-20","1","0","0","0",NULL,"0"
"202003","TX",20,"2.99","01-04","21-25","4","0","0","0",NULL,"0"
"202003","TX",20,"2.99","05-08","16-20","1","0","0","0",NULL,"0"
"202003","TX",20,"2.99","05-08","21-25","5","0","0","0",NULL,"0"
"202003","TX",20,"2.99","09-12","21-25","6","0","0","0",NULL,"0"
"202003","TX",20,"2.99","13+","16-20","1","0","0","0",NULL,"0"
"202003","TX",20,"2.99","13+","21-25","4","0","0","0",NULL,"0"
"202003","TX",20,"3.99","01-04","16-20","6","0","0","0",NULL,"0"
"202003","TX",20,"3.99","05-08","16-20","5","0","0","0",NULL,"0"
"202003","TX",20,"3.99","05-08","26+","1","0","0","0",NULL,"0"
"202003","TX",20,"3.99","09-12","16-20","3","0","0","0",NULL,"0"
"202003","TX",20,"3.99","13+","16-20","3","0","0","0",NULL,"0"
"202003","TX",20,"4.99","01-04","11-15","1","0","0","0",NULL,"0"
"202003","TX",25,"2.99","01-04","21-25","5","0","0","0",NULL,"0"
"202003","TX",25,"2.99","05-08","21-25","12","0","0","0",NULL,"0"
"202003","TX",25,"2.99","09-12","21-25","9","0","0","0",NULL,"0"
"202003","TX",25,"2.99","13+","21-25","5","0","0","0",NULL,"0"
"202003","TX",25,"3.99","05-08","16-20","4","0","0","0",NULL,"0"
"202003","TX",25,"3.99","09-12","16-20","1","0","0","0",NULL,"0"
"202003","TX",25,"4.49","09-12","16-20","1","0","0","0",NULL,"0"
"202003","TX",25,"4.99","09-12","11-15","1","0","0","0",NULL,"0"
"202003","TX",25,"5.99","05-08","06-10","1","0","0","0",NULL,"0"
"202003","UT",20,"2.99","01-04","21-25","2","0","0","0",NULL,"0"
"202003","UT",20,"3.99","05-08","16-20","1","0","0","0",NULL,"0"
"202003","UT",25,"2.99","01-04","21-25","1","0","0","0",NULL,"0"
"202003","UT",25,"2.99","05-08","21-25","6","0","0","0",NULL,"0"
"202003","UT",25,"2.99","09-12","21-25","3","0","0","0",NULL,"0"
"202003","VA",10,"2.99","05-08","16-20","2","0","0","0",NULL,"0"
"202003","VA",12,"2.99","09-12","16-20","1","0","0","0",NULL,"0"
"202003","VA",20,"2.99","05-08","21-25","1","0","0","0",NULL,"0"
"202003","VA",20,"3.99","05-08","16-20","2","0","0","0",NULL,"0"
"202003","VA",20,"3.99","09-12","16-20","2","0","0","0",NULL,"0"
"202003","VA",20,"3.99","13+","16-20","1","0","0","0",NULL,"0"
"202003","VA",25,"3.99","09-12","21-25","1","0","0","0",NULL,"0"
"202003","WA",25,"2.99","01-04","21-25","1","0","0","0",NULL,"0"
"202003","WI",12,"3.49","01-04","16-20","1","0","0","0",NULL,"0"
"202003","WI",20,"3.99","05-08","16-20","1","0","0","0",NULL,"0"
"202003","WY",20,"2.99","05-08","21-25","1","0","0","0",NULL,"0"
"202004","AR",25,"2.99","01-04","21-25","1","0","0","0",NULL,"0"
"202004","AR",25,"2.99","05-08","21-25","2","0","0","0",NULL,"0"
"202004","AR",25,"2.99","09-12","21-25","1","0","0","0",NULL,"0"
"202004","AZ",10,"2.99","13+","11-15","1","0","0","0",NULL,"0"
"202004","AZ",15,"4.99","13+","11-15","1","1","0","1",NULL,"0"
"202004","AZ",20,"2.99","09-12","21-25","1","0","0","0",NULL,"0"
"202004","AZ",20,"2.99","09-12","26+","1","0","0","0",NULL,"0"
"202004","AZ",20,"3.99","05-08","16-20","2","0","0","0",NULL,"0"
"202004","AZ",20,"3.99","09-12","16-20","2","0","0","0",NULL,"0"
"202004","AZ",20,"4.99","01-04","11-15","1","0","0","0",NULL,"0"
"202004","AZ",20,"4.99","05-08","06-10","1","0","0","0",NULL,"0"
"202004","AZ",20,"5.99","05-08","06-10","1","0","0","0",NULL,"0"
"202004","AZ",25,"2.99","01-04","21-25","2","0","0","0",NULL,"0"
"202004","AZ",25,"2.99","05-08","21-25","7","0","0","0",NULL,"0"
"202004","AZ",25,"2.99","09-12","21-25","9","0","0","0",NULL,"0"
"202004","AZ",25,"2.99","13+","21-25","1","0","0","0",NULL,"0"
"202004","AZ",25,"3.99","05-08","16-20","1","0","0","0",NULL,"0"
"202004","AZ",25,"3.99","09-12","16-20","1","0","0","0",NULL,"0"
"202004","CA",10,"2.99","01-04","11-15","2","0","0","0",NULL,"0"
"202004","CA",10,"2.99","05-08","11-15","1","0","0","0",NULL,"0"
"202004","CA",10,"2.99","09-12","16-20","1","0","0","0",NULL,"0"
"202004","CA",20,"2.99","05-08","21-25","6","0","0","0",NULL,"0"
"202004","CA",20,"2.99","09-12","21-25","2","0","0","0",NULL,"0"
"202004","CA",20,"3.99","01-04","16-20","2","0","0","0",NULL,"0"
"202004","CA",20,"3.99","05-08","16-20","1","0","0","0",NULL,"0"
"202004","CA",20,"3.99","13+","16-20","1","0","0","0",NULL,"0"
"202004","CA",20,"4.99","09-12","06-10","2","0","0","0",NULL,"0"
"202004","CA",20,"4.99","09-12","11-15","1","0","0","0",NULL,"0"
"202004","CA",20,"4.99","13+","06-10","1","0","0","0",NULL,"0"
"202004","CA",20,"4.99","13+","11-15","1","0","0","0",NULL,"0"
"202004","CA",20,"5.99","01-04","06-10","1","0","0","0",NULL,"0"
"202004","CA",20,"5.99","09-12","06-10","1","0","0","0",NULL,"0"
"202004","CA",20,"5.99","13+","06-10","1","0","0","0",NULL,"0"
"202004","CA",25,"2.99","01-04","21-25","2","0","0","0",NULL,"0"
"202004","CA",25,"2.99","05-08","21-25","8","0","0","0",NULL,"0"
"202004","CA",25,"2.99","09-12","21-25","1","0","0","0",NULL,"0"
"202004","CA",25,"3.99","01-04","16-20","1","0","0","0",NULL,"0"
"202004","CA",25,"3.99","05-08","16-20","1","0","0","0",NULL,"0"
"202004","CA",25,"3.99","05-08","21-25","1","0","0","0",NULL,"0"
"202004","CO",10,"2.99","01-04","16-20","1","0","0","0",NULL,"0"
"202004","CO",20,"2.99","13+","21-25","1","0","0","0",NULL,"0"
"202004","CO",20,"3.99","01-04","16-20","2","0","0","0",NULL,"0"
"202004","CO",20,"3.99","05-08","16-20","4","0","0","0",NULL,"0"
"202004","CO",20,"3.99","13+","16-20","1","0","0","0",NULL,"0"
"202004","CO",25,"2.99","01-04","21-25","3","0","0","0",NULL,"0"
"202004","CO",25,"2.99","05-08","21-25","5","0","0","0",NULL,"0"
"202004","CO",25,"2.99","09-12","21-25","1","0","0","0",NULL,"0"
"202004","CT",20,"3.99","13+","16-20","2","0","0","0",NULL,"0"
"202004","DE",20,"3.99","09-12","16-20","1","0","0","0",NULL,"0"
"202004","FL",20,"2.99","05-08","21-25","1","0","0","0",NULL,"0"
"202004","FL",20,"2.99","09-12","21-25","4","0","0","0",NULL,"0"
"202004","FL",20,"3.99","05-08","16-20","2","0","0","0",NULL,"0"
"202004","FL",20,"3.99","05-08","26+","1","0","0","0",NULL,"0"
"202004","FL",20,"3.99","09-12","16-20","2","0","0","0",NULL,"0"
"202004","FL",20,"3.99","13+","16-20","1","0","0","0",NULL,"0"
"202004","FL",20,"4.99","05-08","06-10","1","0","0","0",NULL,"0"
"202004","FL",20,"4.99","09-12","06-10","1","0","0","0",NULL,"0"
"202004","FL",20,"5.99","05-08","11-15","1","0","0","0",NULL,"0"
"202004","FL",25,"2.99","05-08","21-25","7","0","0","0",NULL,"0"
"202004","FL",25,"2.99","09-12","21-25","9","0","0","0",NULL,"0"
"202004","FL",25,"2.99","13+","21-25","3","0","0","0",NULL,"0"
"202004","FL",25,"3.99","09-12","16-20","1","0","0","0",NULL,"0"
"202004","FL",25,"3.99","09-12","21-25","1","0","0","0",NULL,"0"
"202004","FL",25,"4.49","05-08","16-20","1","0","0","0",NULL,"0"
"202004","HI",20,"5.99","05-08","06-10","1","0","0","0",NULL,"0"
"202004","IA",20,"2.99","09-12","21-25","1","0","0","0",NULL,"0"
"202004","ID",20,"2.99","05-08","21-25","1","0","0","0",NULL,"0"
"202004","ID",20,"3.99","05-08","16-20","1","0","0","0",NULL,"0"
"202004","ID",25,"2.99","01-04","21-25","1","0","0","0",NULL,"0"
"202004","IL",20,"2.99","09-12","26+","1","0","0","0",NULL,"0"
"202004","IL",20,"3.99","05-08","16-20","1","0","0","0",NULL,"0"
"202004","IL",20,"3.99","09-12","16-20","2","0","0","0",NULL,"0"
"202004","IL",25,"2.99","05-08","21-25","1","0","0","0",NULL,"0"
"202004","IL",25,"2.99","09-12","21-25","1","0","0","0",NULL,"0"
"202004","MA",20,"5.99","05-08","06-10","1","0","0","0",NULL,"0"
"202004","MA",25,"2.99","13+","21-25","1","0","0","0",NULL,"0"
"202004","MD",20,"3.99","05-08","16-20","1","0","0","0",NULL,"0"
"202004","MD",25,"4.49","13+","16-20","1","0","0","0",NULL,"0"
"202004","MI",20,"3.99","01-04","16-20","1","0","0","0",NULL,"0"
"202004","MI",25,"2.99","01-04","21-25","1","0","0","0",NULL,"0"
"202004","MO",20,"3.99","05-08","16-20","1","0","0","0",NULL,"0"
"202004","MO",25,"2.99","05-08","21-25","1","0","0","0",NULL,"0"
"202004","NC",20,"3.99","01-04","16-20","2","0","0","0",NULL,"0"
"202004","NC",20,"3.99","05-08","16-20","2","0","0","0",NULL,"0"
"202004","NC",25,"2.99","01-04","21-25","2","0","0","0",NULL,"0"
"202004","NC",25,"2.99","05-08","21-25","3","0","0","0",NULL,"0"
"202004","NC",25,"2.99","09-12","21-25","2","0","0","0",NULL,"0"
"202004","NC",25,"3.99","05-08","16-20","2","0","0","0",NULL,"0"
"202004","NJ",10,"2.99","05-08","16-20","1","0","0","0",NULL,"0"
"202004","NM",20,"2.99","01-04","21-25","1","0","0","0",NULL,"0"
"202004","NM",20,"2.99","05-08","21-25","1","0","0","0",NULL,"0"
"202004","NM",20,"3.99","01-04","16-20","3","0","0","0",NULL,"0"
"202004","NM",20,"4.99","05-08","06-10","1","0","0","0",NULL,"0"
"202004","NM",20,"4.99","09-12","06-10","1","0","0","0",NULL,"0"
"202004","NM",25,"2.99","01-04","21-25","2","0","0","0",NULL,"0"
"202004","NM",25,"2.99","05-08","21-25","3","0","0","0",NULL,"0"
"202004","NV",10,"2.99","13+","11-15","1","0","0","0",NULL,"0"
"202004","NV",20,"4.99","09-12","06-10","1","0","0","0",NULL,"0"
"202004","NV",25,"2.99","01-04","21-25","4","0","0","0",NULL,"0"
"202004","NV",25,"2.99","05-08","21-25","12","0","0","0",NULL,"0"
"202004","NV",25,"2.99","09-12","21-25","1","0","0","0",NULL,"0"
"202004","NV",25,"2.99","13+","21-25","1","0","0","0",NULL,"0"
"202004","NV",25,"3.99","05-08","16-20","1","0","0","0",NULL,"0"
"202004","NV",25,"3.99","09-12","16-20","1","0","0","0",NULL,"0"
"202004","NV",25,"4.49","09-12","16-20","1","0","0","0",NULL,"0"
"202004","OH",20,"3.99","01-04","16-20","1","0","0","0",NULL,"0"
"202004","OH",20,"3.99","05-08","16-20","1","0","0","0",NULL,"0"
"202004","OH",25,"2.99","09-12","21-25","1","0","0","0",NULL,"0"
"202004","OK",25,"2.99","05-08","21-25","1","0","0","0",NULL,"0"
"202004","OR",25,"2.99","01-04","21-25","1","0","0","0",NULL,"0"
"202004","OR",25,"2.99","09-12","21-25","3","0","0","0",NULL,"0"
"202004","RI",15,"3.99","05-08","16-20","1","0","0","0",NULL,"0"
"202004","RI",25,"2.99","01-04","21-25","1","0","0","0",NULL,"0"
"202004","RI",25,"2.99","09-12","21-25","1","0","0","0",NULL,"0"
"202004","SC",20,"3.99","01-04","16-20","1","0","0","0",NULL,"0"
"202004","SC",20,"3.99","05-08","16-20","2","0","0","0",NULL,"0"
"202004","SC",20,"3.99","09-12","16-20","2","0","0","0",NULL,"0"
"202004","SC",25,"2.99","05-08","21-25","1","0","0","0",NULL,"0"
"202004","SC",25,"2.99","09-12","21-25","1","0","0","0",NULL,"0"
"202004","TX",15,"3.49","09-12","16-20","1","0","0","0",NULL,"0"
"202004","TX",15,"3.99","05-08","16-20","1","0","0","0",NULL,"0"
"202004","TX",20,"2.99","01-04","21-25","1","0","0","0",NULL,"0"
"202004","TX",20,"2.99","05-08","21-25","4","0","0","0",NULL,"0"
"202004","TX",20,"2.99","09-12","21-25","5","0","0","0",NULL,"0"
"202004","TX",20,"2.99","09-12","26+","1","0","0","0",NULL,"0"
"202004","TX",20,"2.99","13+","21-25","1","0","0","0",NULL,"0"
"202004","TX",20,"3.99","01-04","16-20","2","0","0","0",NULL,"0"
"202004","TX",20,"3.99","05-08","16-20","5","0","0","0",NULL,"0"
"202004","TX",20,"3.99","09-12","16-20","4","0","0","0",NULL,"0"
"202004","TX",20,"3.99","13+","16-20","1","0","0","0",NULL,"0"
"202004","TX",25,"2.99","01-04","21-25","7","0","0","0",NULL,"0"
"202004","TX",25,"2.99","05-08","21-25","12","0","0","0",NULL,"0"
"202004","TX",25,"2.99","09-12","21-25","14","0","0","0",NULL,"0"
"202004","TX",25,"2.99","13+","21-25","4","0","0","0",NULL,"0"
"202004","TX",25,"3.99","01-04","16-20","1","0","0","0",NULL,"0"
"202004","TX",25,"3.99","09-12","16-20","2","0","0","0",NULL,"0"
"202004","TX",25,"3.99","09-12","21-25","1","0","0","0",NULL,"0"
"202004","TX",25,"4.49","01-04","16-20","1","0","0","0",NULL,"0"
"202004","TX",25,"4.49","13+","16-20","1","0","0","0",NULL,"0"
"202004","TX",25,"4.99","09-12","16-20","1","0","0","0",NULL,"0"
"202004","UT",12,"2.99","01-04","16-20","1","0","0","0",NULL,"0"
"202004","UT",20,"2.99","05-08","16-20","1","0","0","0",NULL,"0"
"202004","UT",20,"3.99","05-08","16-20","2","0","0","0",NULL,"0"
"202004","UT",25,"2.99","01-04","21-25","1","0","0","0",NULL,"0"
"202004","UT",25,"2.99","05-08","21-25","3","0","0","0",NULL,"0"
"202004","UT",25,"2.99","09-12","21-25","1","0","0","0",NULL,"0"
"202004","VA",15,"3.49","09-12","16-20","1","0","0","0",NULL,"0"
"202004","VA",20,"2.99","01-04","21-25","1","0","0","0",NULL,"0"
"202004","VA",20,"2.99","01-04","26+","1","0","0","0",NULL,"0"
"202004","VA",20,"3.99","01-04","16-20","1","0","0","0",NULL,"0"
"202004","VA",20,"3.99","05-08","16-20","2","0","0","0",NULL,"0"
"202004","VA",20,"3.99","09-12","16-20","1","0","0","0",NULL,"0"
"202004","VA",25,"2.99","01-04","21-25","1","0","0","0",NULL,"0"
"202004","VA",25,"2.99","05-08","21-25","1","0","0","0",NULL,"0"
"202004","VA",25,"3.99","13+","21-25","1","0","0","0",NULL,"0"
"202004","WA",25,"2.99","05-08","21-25","1","0","0","0",NULL,"0"
"202004","WI",20,"3.99","09-12","16-20","1","0","0","0",NULL,"0"
"202004","WY",20,"3.99","09-12","16-20","1","0","0","0",NULL,"0"
"202005","AR",25,"2.99","01-04","21-25","1","0","0","0",NULL,"0"
"202005","AZ",20,"2.99","05-08","21-25","1","0","0","0",NULL,"0"
"202005","AZ",20,"2.99","09-12","21-25","1","0","0","0",NULL,"0"
"202005","AZ",20,"2.99","13+","16-20","1","0","0","0",NULL,"0"
"202005","AZ",20,"3.99","05-08","16-20","1","0","0","0",NULL,"0"
"202005","AZ",20,"3.99","09-12","16-20","1","0","0","0",NULL,"0"
"202005","AZ",25,"2.99","01-04","21-25","1","0","0","0",NULL,"0"
"202005","AZ",25,"2.99","05-08","21-25","7","0","0","0",NULL,"0"
"202005","AZ",25,"2.99","09-12","21-25","2","0","0","0",NULL,"0"
"202005","AZ",25,"2.99","13+","21-25","2","0","0","0",NULL,"0"
"202005","AZ",25,"3.99","05-08","16-20","1","0","0","0",NULL,"0"
"202005","CA",10,"2.99","01-04","11-15","2","0","0","0",NULL,"0"
"202005","CA",10,"2.99","09-12","11-15","1","0","0","0",NULL,"0"
"202005","CA",15,"3.49","13+","16-20","1","0","0","0",NULL,"0"
"202005","CA",20,"3.99","05-08","16-20","2","0","0","0",NULL,"0"
"202005","CA",20,"4.99","05-08","06-10","2","0","0","0",NULL,"0"
"202005","CA",20,"4.99","05-08","11-15","1","0","0","0",NULL,"0"
"202005","CA",25,"2.99","01-04","21-25","3","0","0","0",NULL,"0"
"202005","CA",25,"2.99","05-08","21-25","4","0","0","0",NULL,"0"
"202005","CO",20,"2.99","05-08","21-25","1","0","0","0",NULL,"0"
"202005","CO",20,"3.99","01-04","16-20","2","0","0","0",NULL,"0"
"202005","CO",20,"3.99","05-08","16-20","2","0","0","0",NULL,"0"
"202005","CO",20,"3.99","05-08","26+","1","0","0","0",NULL,"0"
"202005","CO",20,"3.99","13+","16-20","1","0","0","0",NULL,"0"
"202005","CO",25,"2.99","01-04","21-25","3","0","0","0",NULL,"0"
"202005","CO",25,"2.99","09-12","21-25","1","0","0","0",NULL,"0"
"202005","CO",25,"4.49","05-08","16-20","1","0","0","0",NULL,"0"
"202005","CT",10,"2.99","09-12","11-15","1","0","0","0",NULL,"0"
"202005","CT",20,"3.99","05-08","16-20","2","0","0","0",NULL,"0"
"202005","FL",10,"2.99","05-08","11-15","1","0","0","0",NULL,"0"
"202005","FL",20,"3.99","05-08","16-20","1","0","0","0",NULL,"0"
"202005","FL",25,"2.99","05-08","21-25","2","0","0","0",NULL,"0"
"202005","FL",25,"2.99","09-12","21-25","3","0","0","0",NULL,"0"
"202005","FL",25,"2.99","09-12","26+","1","0","0","0",NULL,"0"
"202005","FL",25,"2.99","13+","21-25","1","0","0","0",NULL,"0"
"202005","ID",20,"2.99","01-04","21-25","1","0","0","0",NULL,"0"
"202005","ID",20,"2.99","13+","21-25","1","0","0","0",NULL,"0"
"202005","IL",25,"2.99","05-08","21-25","2","0","0","0",NULL,"0"
"202005","IN",25,"2.99","05-08","21-25","1","0","0","0",NULL,"0"
"202005","KS",20,"3.99","09-12","16-20","1","0","0","0",NULL,"0"
"202005","MA",15,"4.99","05-08","11-15","1","0","0","0",NULL,"0"
"202005","NC",20,"2.99","05-08","26+","1","0","0","0",NULL,"0"
"202005","NC",25,"2.99","09-12","21-25","3","0","0","0",NULL,"0"
"202005","NM",25,"2.99","01-04","21-25","3","0","0","0",NULL,"0"
"202005","NM",25,"2.99","05-08","21-25","1","0","0","0",NULL,"0"
"202005","NM",25,"2.99","09-12","21-25","2","0","0","0",NULL,"0"
"202005","NV",20,"2.99","09-12","16-20","1","0","0","0",NULL,"0"
"202005","NV",20,"2.99","09-12","21-25","1","0","0","0",NULL,"0"
"202005","NV",25,"2.99","01-04","21-25","1","0","0","0",NULL,"0"
"202005","NV",25,"2.99","05-08","21-25","5","0","0","0",NULL,"0"
"202005","NV",25,"2.99","09-12","21-25","2","0","0","0",NULL,"0"
"202005","NV",25,"2.99","13+","21-25","2","0","0","0",NULL,"0"
"202005","OH",20,"3.99","05-08","16-20","1","0","0","0",NULL,"0"
"202005","OK",25,"2.99","05-08","21-25","2","0","0","0",NULL,"0"
"202005","PA",20,"3.99","05-08","16-20","2","0","0","0",NULL,"0"
"202005","PA",20,"3.99","09-12","16-20","1","0","0","0",NULL,"0"
"202005","PA",20,"3.99","13+","16-20","1","0","0","0",NULL,"0"
"202005","SC",20,"2.99","09-12","21-25","1","0","0","0",NULL,"0"
"202005","SC",20,"3.99","09-12","16-20","1","0","0","0",NULL,"0"
"202005","SC",25,"2.99","01-04","21-25","1","0","0","0",NULL,"0"
"202005","TX",10,"2.99","05-08","11-15","1","0","0","0",NULL,"0"
"202005","TX",10,"2.99","09-12","11-15","1","0","0","0",NULL,"0"
"202005","TX",20,"2.99","05-08","21-25","3","0","0","0",NULL,"0"
"202005","TX",20,"2.99","09-12","21-25","1","0","0","0",NULL,"0"
"202005","TX",20,"2.99","13+","21-25","1","0","0","0",NULL,"0"
"202005","TX",20,"3.99","01-04","16-20","1","0","0","0",NULL,"0"
"202005","TX",20,"3.99","05-08","16-20","1","0","0","0",NULL,"0"
"202005","TX",20,"3.99","09-12","16-20","3","0","0","0",NULL,"0"
"202005","TX",20,"4.99","05-08","16-20","1","0","0","0",NULL,"0"
"202005","TX",20,"5.99","05-08","06-10","1","0","0","0",NULL,"0"
"202005","TX",20,"5.99","09-12","11-15","1","0","0","0",NULL,"0"
"202005","TX",25,"2.99","01-04","21-25","2","0","0","0",NULL,"0"
"202005","TX",25,"2.99","05-08","21-25","10","0","0","0",NULL,"0"
"202005","TX",25,"2.99","09-12","21-25","7","0","0","0",NULL,"0"
"202005","TX",25,"2.99","13+","21-25","3","0","0","0",NULL,"0"
"202005","TX",25,"3.99","05-08","16-20","1","0","0","0",NULL,"0"
"202005","TX",25,"3.99","05-08","21-25","1","0","0","0",NULL,"0"
"202005","UT",20,"5.99","01-04","06-10","1","0","0","0",NULL,"0"
"202005","UT",25,"2.99","05-08","21-25","5","0","0","0",NULL,"0"
"202005","UT",25,"2.99","09-12","21-25","4","0","0","0",NULL,"0"
"202005","VA",10,"2.99","05-08","16-20","1","0","0","0",NULL,"0"
"202005","VA",20,"2.99","05-08","21-25","1","0","0","0",NULL,"0"
"202005","VA",20,"3.99","13+","16-20","1","0","0","0",NULL,"0"
"202005","WI",10,"2.99","13+","11-15","1","0","0","0",NULL,"0"
